user_id,user_name
-BNm6NZ_qcsccFUKno7oog,Bill
-CM12dCzyhW7RNr9SQPe0Q,Ben
-DoXcfHRL3sQWRjMQc4UOg,Kate
-EmuvqfmhKylSVG1HV8NTA,Trey-Jen
-KwjpDoALiTEyeuh7yDAxA,Sunyi
-V6KzUQcAG0kGGc_21Pc0Q,Alex
-WUKa-Xr2DTbfEX_M-jtEg,Donna
-YqEzDwqUWgHyys1RPMDiQ,Dot
-ZAlIG9cQz8WEuYEw9bwcg,Ladyy
-dpJpMd6orDsGSp9iAeCTA,Carlos
-hM8E7T7D5FKSuek219iSg,Wendi
-iGGDzNxUGRP2qBrIMN03g,Cline
-njdCWb2FkFFZ4VLZfgXJg,Frey
-qMrMdUGZal11jpnZwWb2g,Alan
00-pd3nS7LpdqCmIapCNkQ,Roma
068sIsLsmjtZwfplN-lM-Q,Julia
06QY6tAtbQNWmsfuFPbhYg,Carla
08F716xHvJhWFKgLdcjFhA,Daniel
0DxhcSx4sFZy2O_l22qCNQ,Stephanie
0ILkjcehgJi_N3735Wfkmw,Mattie
0QbkP7RVevYTy2LPeDRMPw,Bev
0ioCokSVBGsDNVxslvPo-w,Tom
0qQXako5doigx3X7J2r5xA,Brice
1Ch8ltJRt276S-2UtxnSkA,Becky
1DwCaK4Y4G2__Wp3MzfpAA,Ethan
1Fd1QYgiAtoOhSms-Bd3eg,Cory
1HQ-3FMr88KcGQ17DKSV7Q,Liz
1OTYVHLy-2NIpQz_1jx46g,Amanda
1OYzUDKYoJ-u89rKl1Dchw,Yary
1a7hm7rzwXLZYUu1ocZ9fg,Debbie
1eFfePNQmeJNvHMZNlxFPw,Markus
1fvkJn-BuguTdWEevuBntA,Tom
1h6gitgxNDATqQ2FryNHXQ,Zephen
1opJNMvq3maQuTQqG7iKwA,Nikki
1p4wP0QzgdWXWYnRSR7MBw,Ed
1rDOhGzYrLmU5Z9upSdz5w,Cliff
1rZgqf-EOUdrSbPwkyc_jg,Rachel
1uiAOPCQf54rAwQWig2VUg,R
1wEHlGeCWxh5cg2jNhXN1g,Caleb
1wznJzlAO_nviUTAvoDgQQ,Andrew
21jeefgh89QrxdC22PkzgA,Chris
25GYnyH4U9AiFQhmRkswGQ,Jasmine
27B_rj7Et93N2ozgPZHkAA,Mary
28KjcOAFvovGnLBl5t6GCw,Nikki
2Dn5tGj7hSZ1tyTFDq8LfQ,Maria
2E66Xj8RDrgglHIMQuBi6Q,Kylie
2Oh9gaNQrM3mMhRcoAt2YA,Emma
2R4sjYcnvsBqRVLFiiQOZg,Brooke
2T-D_3VU7n9diNzgVgjmFg,Brian
2_fGqxFoViz4cKcXpHZe1Q,Sean
2eKgGDyQbgTyeejo5llOuA,Caitlyn
2glU0OWo45YcopOXwz5aBA,Larry
2rHYDUw67xAGZD1Dv-ewow,Jeffrey
2rOOcv40k0K-Yjjjgo_ntw,J
3-6gsdkqsMvcP55bfHfDfA,Jenika
31nz8urmYS2uogLPWZnx7Q,Nhi
32H6t86k3pK5p2FupJ-inA,Edwards
37FUZQAVQNT99CjxX3-hYQ,Tammera
390AbdNDECxL1qiSViovPg,Sheryl
3Aao2ZDnm8RO7ZJpRO6ekQ,Garrett
3I5wblzTivgCo5afvxilaw,Tami
3T_k97H3O30rKZK1-ZGhNw,A
3f8C7JHRO7Cqz79OawZVoA,Gina
3gY10Acsz_PWcBZ6Bn_lOQ,Becky Lynn
3j50d_OtZ5gCTW4uZIFw9Q,Steve
3m7zd3EzUUDmcmhkjgDGQQ,Dave
3pksOX94VSQaig2heKLEVg,Amanda
3xxSyvMBGPfQhjjotJ6Ztw,Kurt
417svAEVHreK6c3SK4M8Tw,Bill
46r6nING1_F8l_9aHRAgWg,Olena
49tYUq4pShfXzpKUZQZF8g,Chad
4BMG9B6X_cNxUyg9xENRmw,Ryan
4VVqQpL8vcGKhDMBanbGnQ,Sarah
4ZfcCa4m5RWvO4EFzfYm1A,Eli
4ZrD9GScRE-1JDcpuF7OhA,Brandon
4cLJKlDyyHdDZmyYDAZXaQ,Rachel
4q10iK7Eea6EEqTwFU3oqw,Kate
4tp2C18qLGba-0ijhxrfHg,Karen
4uTJh0IbWvCz9r36pjT4mA,mattula
58LmWL5CNqPOq3MoaxogJA,Mark
5EsXIeCL-1PZHs5vKDJIvA,Daniel
5GYnQFcnofrdc6WMr5bHuw,John
5Q_0VcMrrMOXpurggDh_9A,Nicholas
5Qfm4ulejd0o75IOKwDcSQ,Jeremy
5TDURtBHUGimDbvLf4sn3w,Andrew
5X-gtCoeyi7JRV3TnBQeoA,Jessica
5ZDk0xf-rNFUKz8a-aHH0A,Jennifer
5_JlwPuk7DKUDytDmJHbeQ,Chris
5cCGdsHQAiQywcuGEWrFfg,David
5dcCYWV0MdlE9iiI-ZVSxA,Shelby
5fkh_aQIHmnj-XeVe_uM-Q,Tanya
5hwT0mTcUj4x-pwsGqGoxg,Danielle
5lXdkv9Ur_JAnRNp7NGHmg,Athena
5lfHY4AwopSLQjPngUHd7g,Kristen
60pS7n1nkZa259yK15Hieg,Desiree
62ceytRLrzAqEPz3yzc-Mw,Megan
62rbBXOXEEVaMt20hoADOw,Li
66xKwxK1ALc6bonVjEPaWQ,Bethany
6AXjbsBqEtfSb4wm1kuyrA,Steven
6DDtdaRfim9ZxjGPI15dBw,Ayesha
6FzkwbGeQOPJkoUUvdmiww,Caroline
6bcGBst8SYb7OnNHjdQpXQ,K
6dGxkzQGd5sHPHlZu0k6SA,Kyle
6dvkT3BHdhAaIsa6iKKP4g,Melinda
6iRrycGMPHk_JMRkQaYxsA,Nancy
6wMly-uHJUWlql3ukc6upQ,Grace
71Am95H_yCV7YTlVTp-t8w,Katherine
73my7M56O4N7ULtkYwFs8Q,Dan
7CCpFnQQJzbG4tBXh2ru_g,"Hot Mess, Inc."
7GEOGTRhzKaHBWxstP-15w,Kara
7LJzBZpdE_xk3uec105D4A,Jack
7TIJHxejc-yaTovqov9rYg,Nester
7YZysyY-6j8tlSSQmbJoCA,Shane
7_hRdYgud91Uu_t0756nZA,Ashley
7lXvZCqeZDjO-Q4QwipkeA,Amanda
7mu_3SYB4OIo7NRTvIrlTA,Kathy
7tNmhhGOnNQAprxb6-L8Ow,Kelsey
7tqDzwZIAeoDsmvWpApFzQ,Amanda
7xSixbDV4hAnnnRtW_HKPA,Anil
7yDZKt156x88noeRS-fmkw,Terry
89nj2SMlzHphuvTcn81aQQ,Holly
8DYVfcMbskCpm3tZlJKD8A,Esther
8EvP_TBAAN7qogkqLbU57Q,Tanya
8NwzzV3DjTkSKAlNLkyiKQ,Adam
8Qxj_wOvdDeRbF1yvGZrvQ,Thee
8SXCnTgo4Coigy7Vj_H9PA,Deborah
8SnxWxMG8iDkIcGKipAgeA,Dave
8gau973vpuaeRk8Z8tHiCQ,Greg
8kvBqsj07FJrAJvzVBK5nw,Shawn
8sklDwZ8GoJ5spUpL6c5Vg,Alissandra
8xIntjuam8P8ht21zfZFlw,Angela
8z9-v_eadUv2k9B_2lJZAA,Nicole
95cFGoSTez3enPnDkTFJFQ,Lauren
9H0Oj0uzUW8j7yxBREJnXg,Suk
9H9eeEjjjlDeGHExEnFqfw,D
9NOW58AgZm97pBW6OlGS6w,Lexi
9QrP3YS-ksrICp5lKF2fWQ,Chuck
9ROmbZ5UZlEd5_S3CgxWIA,Sam
9WuP-4jfndovEFJ4bpt5vA,Jon
9Yp1XPiAYG9aKw-gmpU-8g,Chris
9_sgV9iGWoz64WE7F4omCA,Jessica
9hh1M-3aDJZVTwwYYy9AnA,Suzanne
9rDk8mFvKSHgIdeHLxU-2w,Brooke
9sBf_x7jvEP0ZVGIr4TLlg,Stacy
9sQehjCmsUjh0gFk2OwA4A,Rhonda
9t2PCu3QJgvs1ncyD9_VQg,Kevin
9tHuzd93lgXL5J9Ju34mVw,Caroline
A-hLhjtVtN5PcRqGO-Zhig,Jim
A3Rahgq3ufx81IjbEfAbGg,Valerie
AFB_imZlaiOv92Zb7Z1d4g,Taryn
AM8T22vnwxrDqeGmWMRLdg,Alexis
AOFmQDicXo6kaPfZXG7mjQ,Melissa
AWblr8k5aCy3SiyGMRC61g,John
AZSREuhpr_26vhRS9J4wHQ,T
A_wJcAAWhvY2lXoLxgxaJQ,Van
AaYfNfsrnlvmdqy7pqe--A,Randy
AdqQgEoAvdzDRq9m8nkUEw,Kristi
AeZlLmJfQYoaNQToHpkzBw,Lucy
ArfO4YpVOa6XjkcPxuLR0w,Laura
AsXxKq0wZS72fU0t4ILnEg,Ryan
Awsfg4WBK06rU1QU-ErnJg,Chris
B09C8T1rdBXmx7ORYV1AYw,Curtis
B0nGb6lk7gdlpoS49xfS4g,Joshua
B40DavCJgx3GsOO5MTuu_A,Ahva
BEt-GOmR_E7SPAVzJOSqew,Emely
BN-aWhSRB5MB9NrYksoemg,Laura
BPKB8DvNtcOYU6Ab4Qz8GA,Greg
BWOAjwldYuD1S4qf4tiEkg,Bruce
BX_UNdj2QebIv7t4zYekvg,Marla
BYKvYzMzDO37g_6ATQFyKg,Jayme
B_aVFoUi9fLjjuvHz_Y0mQ,summer
BblYBimflPv7Zne9-O9XZg,Mark
BkLCX9m51pd4-LIQysbO6A,Justin
Bv7vZeqyulrgrl1PyXoMZw,Jason
Bwg6AfRMXqTPPv8yS4tH1g,Ed
Bx0XZ4-BxyvunARcR-dEiw,Andrew
BxZGs9kOH4hslYpD1F3BkQ,Denise
Byhu59nw8-nQV6mrwv_npg,Scarlett
C14KW1jjKM8QlYfMyzP1sQ,Sara
C7uw5fjc0Z3v6sV3C3JbeA,Alison
C8yxbTMquLMKLhFmte4G9A,Daniel
CBP7YkyoRenwXNyLOru7eg,k
CDiRhit9o30DD5Fhcx2NtQ,Megan
CGRYky7FTFerIncjf--9WQ,Randy
CKshJIdFp5E-arDsIduKqw,Leigh
CNZOhfYKnAdoBhsU8zg7dA,Bart Jan
CTIK1bfSdeu8KzoCVjiXVw,Michelle
CV-vrANgnm7RtqHnknLMXw,Elaine
CeweNb4QJjMT0aY-JLIv-Q,Tom
Ct6iAROQzD-a1K4vMzsJXg,John
D8aEPVPsNo4o9i6ZW4qvhQ,Kelly
DAZLWTZNRB5dBcouI2KodA,Amanda
DFPwEnBl0uOojjYNa3bYVQ,Sonya
DKTjP1CNpR1AHTwprLpc5w,Brian
DKjCTgDyW_mHmaPdWrYaMw,James
DSmgB2aqyhpTWN35t5q75Q,Ashley
DTBDcnZjB6SL78RZtAU2bw,Gordon
DaWS4141pBMCgOv9DOM21w,Miranda
Dj_h6KutKNLQ7j-O92ifQw,Ali
DlVmKHDlOUdIjjno6lwnUg,Eugene
DmpCul4Wi4m14vdWTUDumQ,Aton
DrI_u2XO1pjSNE-hDRa2vg,Ashley
Dwav4XBWWfBYNrwtU_Ak9w,Briana
E1G3wfKRNHaIvgq1Wv_H0Q,Karen
E9oPeNxCCsdTEwWrGIqV-w,Chris
EA3MtzVPguB_x31YPVuqrg,Saline
EH2OpHfEMuQoYcBho-yctA,Darren
ELOx12wTvAQKlld5omIzuw,Kenyatta
EP8ZdRRvQFbnH-UwxIXcYg,Noah
EUG9gSRAX1-AbVPQTX1Yxw,Jessica
EUcTSvwVW41ktHqXW8-T-A,Kevin
EXwIQ5AfDFfCjQwep2UgGQ,Mark
Euua15nR8EKGMvKwpANoAw,E
EvKHXe7qQixSEY4KXCSAwQ,Aaron
EveidIU-Yb_fjAN2pmx7Aw,Win
EwOhdlpSxwR3IZftny-EEw,Henry
EzztXMsEYpAUNLfQEGcBoA,Eric
F0M1ciJJBGlHeKmaG0-bdg,Zach
F6QDhDomwYHns_D6KxV-rQ,Brandon
FLSxWTwjdC6zfyxz8VA-GA,Camille
FNMFdIX6xoKpLrkZmvQesg,Athrea
FSev5ierAH7mU5sf8jeLqg,Sheryl
FX4qQirnwlKVqOHEtfPJTQ,Laura
FfxjA48vixKJ05zqpVEmyA,Julie
Fj_wtPgIacsfXJlhh0yT3w,James
FpYL5pjTTU_zMBZWSOJcDg,Hannah
FqzfcOBtNC3cn2yKBtCjZw,Em
G1NWrIRAFabdKNw9_KR5lA,Michael
G6VpX3_HD1CCPSYZlbdRoA,Jay
GN3_iBt8g3iGwguI9yaCOA,Peggy
G_wy-hiTgz8MNoI1QQOKWg,Kent
Gb9Y_f1xslY1mDvvHBXaLg,Sporadic
Gj3QidYHmuA9s1FIDWASDA,Linda
GmdacTrQzxg5mJesPDd_0A,Mikey
H1nrYKmgr48Hc1QfZCQqRA,Kandice
H2-8se0AV6g0zym00NuTww,Gianna
H9IjrhdgzIV0ZernZg6uuQ,Brennah
HIMhN6TEiNzUCVIcO2n6qw,George
HMmXcPsPvGKuOTDGKngLeA,Chris
HWWmMASb306ZiKVuSsF_Tw,Winn
HYtpibhUxDnW4jb_UOuMwQ,Mary
HaqNnVMVAAsTaCKa3m3gfg,Gregg
HiZvQDMP8fqnWLsdwgbzUw,Tim
HoKn4fpZTKgLUiOUEOeHoQ,Kevin
HrPT1nrB1sHipNL44LFoDQ,Kim
HuwrStW37X6Q5Dj8I-EaeA,Janis
Hw6dFzM_OLawqI8zsVQGxw,SunnySide
HxOv4ccfAo1RrwZp-Achpw,Nora
I1qKtvhPI1wJW_yFiaacWQ,Michelle
I3OyFOwaJ3WbH4n6QLdGVA,Phil
I8hXZ9OjfM5GWCDj8di7GQ,Thomas
IB5-wIQO9of2VPfPax0Avw,Kelsy
ICnX7t2QplcdJ-tg3mToJA,Jasefree
IE0f4Mt6rfEw26pn598doA,Keith
ILUEj9e_uyFpVBHuWtIePQ,Lisa
IMisPnwO3tdePUgrDYNa4Q,Ashton
IQAF2nr9L124ynIQuFNh0w,Cathy
IRbNzahetwPS0yGzV1kFpA,Rebecca
IYRtFAlX5ASdg9CavMiYHw,Meg
IZYRzT77z_yNBKFzvkEzWQ,Elvis
IaZTg3RSZd2dcIFxblxQVA,Kathi
IgPACAlZBvnJg6y_MTn7QQ,Carrie
IhQTaqmCalmSwCibcemMlw,Jeff
IkAPIDB33VhThoBCx7jnow,Stephanie
Ikl_pUrgs1XGoG7ctA-TFQ,Nancy
IrNLaBKKY5k2nzin2LgcgQ,Miranda
IrPdnyAXBUsnhbeoSNOwrw,Syris
Ix5sw79-U-uqgE6iGeFzKg,DJ
IxsyyMlSIs8EZjawqXhHiQ,Nathaniel
J41J8idEjSNPa-8-qPr99Q,Kim
J7v_97ChV8IsZhvAyyAKfg,Chase
JCBtjLBsbEwVfqBU7oQxHg,Lizzie
JGVLm7lcc4DAXVDw3LZAYQ,Enrique
JHK7ugzIiGAgEOnnDQCHWQ,April-Cheyenne
JORBg6xRzep9fGX9ggGpLg,Mike
JQFbDHsdFieWvqqyWvzzvw,Phavy
JUETBHOWcIe9wpYdhF1Oxg,Dawn
JY_Vgn7BWG55Z21KH3uv0Q,Haley
J_M3LpQfenoXhL8SI9cFjA,sean
Ja5sKcsu4XJRC2-wbqkq-Q,Bethany
JgMESEXRM4TjGfMWJlg6BA,Nadine
JrS5mWySYhuVwZ8ngOPVcw,Jamie
JsLEndGqHz2j5vLCHnQ3jA,Christina
K-5_BLPI33k1GO26LHQbkQ,Malavika
K01Ecqbjc587MX5dZ0MYvQ,Courtney
K3xpTUT83MJttC0WesGHWg,Bryon
K4tQqBLrQkHqjHe8cMnUkg,Isabelle
K7xY5i3MVo1SSnGd-HMsGw,Lindsey
K98gJp0KJ7tzOf448hxkKg,T
KKboC9K6q1DTCP5eY3VCRA,Caroline
KRaFTAVAIS-fi0dAA---qA,Andy
KWt6JicHaTEBJ5vbx44AwA,Kaitlyn
KfE7RNRxtK2DWQki_Vq-Yw,CATHERINE
Kt1wnsDmj12QK7RjUBWV6A,Glenn
L3IOpl6SO5nVkQOiT1-_hg,Chelsea
LLinJeTzJ3FmLwJkB_zQog,Kelsie
LTSEQ-MA8nj3hQ_VX-ZqaA,Johanna
LXAzFj-z2x_yr6kLFFrINg,Julie
LZ8m_JCo2UxgN5rAlbEE7Q,Maximus
Lf6YvwErt1qrhHqMHRB0jw,Chris
LkXbfW3hJ7QQ6ouq9q6Wlw,Debbie
Lo-ec7v4xMuaMTWagAHVqg,A
LwqTw7LAUKovQZtmlo_2IQ,Randy
LxZUbGulq3b_18Wc29RCgQ,Lauren
Lxe9w5ThFlTEj-EO-qXKqw,Erica
LxfVd10BRTQy7wWZqGqjWA,Jack
M0erHTNhUzTEmxL2ZG-ThA,Jeremy
M3-Mnr0urEQYA80YAovoQQ,Clark
M5ddDIFsZC9RkYKcwo8yBQ,Joe
M7CqyHf8Loe9nwIaqmsojw,Bob
MA2EL1hL7hnJg3ZrFK3lSg,Lindley
MF8iA-sLB1hJ_63OW4f0Uw,Matthew
MG43KuvGUP600CkYGponTg,Shirley
MGVt8d0Ql1v8PUDA78JgTQ,Jon
MJ5s0Qw3oB7V3-h33IxtHw,Melissa
MJDECA1SeNLtlju6ilvRgg,Sou
MPojU2sSS55lwc1gF8Spfg,Nicole
MRQL87mqMrLgLBNYE97ahg,Brad
MT1K00MvnMxLoJnRPQFAZg,Ginny
MWWhRB1k5FrFajKoxacvfA,Leslie
MXeRa9Ts1SZMdm9_a2HQzQ,Brittany
MYLjgPKXvOY9cO7zHPMNHA,Crystal
MciQ2_pIjGeHHQJkAPtbrQ,Diesel
Mt3I9A8mJEmjRzWw4RUU4A,Nicole
MtvjAb2Ee9uXdHWcROveYA,Kelly
N-011DC3U_yyX_oTvC03Vw,Dave
N05chKXtx3F_TJQw-HRf9A,Victoria
N0Cod8FD9jvGHsUeRx1odw,Scott
N1YMwB9n8dvLcYUZektZ_A,Becky
N6L1UoQlrB39rUMPm02FRQ,Thomas
N9LMIp8MuBhmxZuXa4Gdsw,James
NDqeeiDCHT-royhD4E5EvA,Percy
NFLaLX5CouRCa_USQuWoHw,Kristin
NFVy6-w4V9kv36A_2pPPYQ,Denise
NHnhk3M7DCEidpO_uRh06A,heather
NdkoJI8Ca8fQFUez7Kdsqw,Ryan
Ndw1Ztczu2hAn9-vgzEJ4g,Bess
NmFFPaiYU6LyZowbsMPo7g,Tina
O3-nvYTLmkx7g0vz2kBFxg,Catherine
O9Dbdo2LZut3e8VqIY9gtg,Jil
OCQXigc17U_J--QA5HQ9iw,Emily
OD6QsD7GmqzSVZsHbu4Xfw,Darla
OMmDl_rAkeKt8nwT-Hqqcw,Clay
ONsGwT27Lm8e_zs-U3ovbg,Noelle
OZ3sFZigWN8s46hVvvJfng,Kristen
Od-Mf1nOOKN91uhVxqzJfg,Deborah
Og1bB3jNZL_7bmgmZQ73Cw,Ellie
Oix-86-Lmo8nsOAouosoJQ,Maura
OrTD3GLOm03_kBFO-aLOuw,Tammy
OzioBJwAfF9-_m0whSu5fw,Paige
P-IOj5pH_cy-HnAVk4wlDA,Zao
P-VKfzh1qD17KyJV4i0nDw,Tod
P6E8vkqRu5yxZEmY6LCZKQ,Sadi
P74rkISAIr2VT6jxHz1DqA,Lesa
P81PVXcXqwEuqD7Hs4DJ1Q,Kim
PC0i09oxq6_qW9x1N4GwJw,C
PD1su_NEpXdzvygGcXar_g,Gina
PFgx45hJyXh-VcE5vmDC4w,Pamela
PO8FK4iIrEAOMPXVYzC3_Q,Michael
POEVqsRghucQqNLsORPY3A,James
PPEfsvvYaBOcGMzY1t3y_A,Russell
PPwuN4F2AgmubtWJ08ZTZQ,CoolGuy
PQ6cI6Fbxq6SLhBd8y1KmA,Andrew
PTQvtkn9l4z7_TnQxPT4xA,David
PUpoupLbl04lxiZxODdWbw,Phyllis
PWvMCxqh1fm7ggdS5IstVQ,RC
Pc9qRJk-utuyH9WhjbahBA,Gina
PeErB4wtvPycI00VUW041g,Nick
PqsqIjq9TTLCp9K7woOwEw,Aubri
PxGrHpHUL6oMN7w2bH7pVg,Nina
PyJ-BL2PQyv5k3heJ1NZNw,Faloolah
Q3Z1e67_ZiIFhhHTQvv-lQ,Carlito
Q9RPs1gUsMv1ahqjXnpEuA,Scott
QATTV4ozHd40p8x0Jwwz9A,Michael
QCRVlq3MvwAOg9siX9D3OQ,Leslie
QQ2-2--RakzhqCNT7QWMBQ,Clint
QWdtswowmJvaP3IYS-vktg,Candy
QddbtMyiRLgA6-7T_TnhBw,Chris
Qdxnen3WMHroea1hDZfg5g,Jonathan
QjoJVrrPFy8rYMrmNaJcLA,Beth
QlpXXe8zUTfULDlCb24zTA,Lindsay
QnMxr4gOc_qOhyRtemkuUQ,Meghan
QpDmxWXxKhnfS7BtPkE3_w,Zachary
QxHgm5ByIlo6sxbYtpRc9Q,Vicky
QxLuc_4ArFhNWBVfKEZPuA,Sage
QyRdqpnetD4xp3pHBFf2sw,Gabrielle
R75axRYxIUMAxeNq7O55Iw,Jerri
REXfsR_7C-k5peomdy9csw,Mark
RGlCPfblnyRRi5mpxHskAw,Mark
RQxayIDrEJO-MJ7LbuGksA,Lisa
RWZ4oY8iGPuVw41VWBE2Yg,Quishe'
R_iBgXIW6mDENdjDlIEcag,Clark
RbfBbSf1pJ5urDpjDcNMVQ,Joseph
RcB1JDN0hU6Qq8H-oyM74Q,Jody
Re6f3phIH5oIVlXAd4oBnA,Teryl
RgZKvcJsq49orFsDKen9Tw,L
RmpATpy4nlQb-anRVW-w9w,Rosa
S-i2Bul0NM3MdLpAN6-DVA,Barbi
S56lSAgv-3dEIgNfuVjcVQ,Craig
S6FYeZbtCzOlMVQL1yQoSw,Heather
SKGGL849Mz28V8WrMVIB1w,Leslie
SNrTa-Kw2A-2aSRVixp5Rw,Aly
SRcmpMtVnu8SZRFBh9uVwQ,Carly
SjpdwPwD-FwY4gE6DNl6ow,Carlos
SlVcCC2OB4hVnUgTz2fHKQ,J
SueqybNO3Wt2xYseuzELpg,Kim
SuqtN8wKcIONhoc_iZgYIw,M
Sx4DN3dJT4d2oxGTOKal8Q,Ryan
TEUrmL4hpB3IRnc1Ncddvw,Cindy
THk2VhP7L3BRdd5A7D0n_w,Caroline
THrCsAENyuwD8BXiZ578BQ,Megan
TIYR4BO1C_DLRKp_krDGEA,Suzanne
TKM1i8BSaPzjOQfzh7OXTA,Brie
TKrWVqs9mBxVMWTlOoo8Ug,Louis
TLap_cNNmySjOrLjLh47qQ,Lindsey
TPF11VVbddGJxA0yJUJFZg,Susan
TPZ1y2XkAvKtBst-CjV9cg,Candace
TTL-RcrkRlEa_y1wCDZ_4g,Mel
TVcQNrW-3M_rkB38SRKtrQ,Drew
TcBM3LCFnEYZubbD0k7Z8Q,Ether
TkPO5Pt0wuuZjTwafQcbSw,Stephanie
TqzzOCr8wYZQkKU5UD5kjg,Rebecca
TurmJbDr6njWQ77aYfmdGQ,Matt
TwNZfrAYWLwe7hdnaBRkPA,Trysha
TxWDnzSaoD_lhbir3GF7oA,Symphanie
UAvXxzY_r-zY-Auk5S3SvA,Athena
UEf2XkLwnIj4nEZyncILsg,Desiree
UGK_aohMIcTXjIxPU7-8CA,Ariel
ULkaTifrpfFFJmrIpJJVew,Julian
URNSfGh4ZipcOlO602fnyQ,Kenton
UUYAjOKOrSx-GLbnJXahBQ,Audrey
UUdIpSaj85Hh1LPAmJfH9g,Jeff
UV3uKXEVkn7Lds6ZVYNgmg,Kelly
UVOLnj6o3ICEXmCP02jjeg,Brian
UZXT6m6dVTja1lzW4DUjeQ,Kim
Uc3997QKPvB0CjKyaTUjSQ,Michaela
UfTMLfWiwpLeByyiMoU2Fg,Michelle
UmVSle3-Yd9N7tyMFClp9w,Edward
UqmuGfOLwnS1i9VvYpDrVw,Larry
UvGrtngH9e8MFhaWznAXww,Komal
Uy6z1pIEF1wlwjfLPd0etQ,Lorena
V6DsrpyYZ3n96KaDlq_QJQ,Eric
VBMqTJAFmpwUM8IQq0IrCQ,Stephanie
VI27j5D2k2NVy7HgrGITPA,Shelby
VIul_H16C51Xvk2AVE7w-Q,Sarah
VMidh83VBGgXzssnDvGexQ,Lily
VMv-pM1zPX10P8UGT1CjDg,Toni
VRLGJWuCqM9y9cdN202Hqg,Kristina
VSLhQI1OO-fGIVSQXBVPzA,Jessica
VVlc3j3PRqtj9k7--TK36w,R
VhYgoUeISBU4cbJTiM32sw,Alysha
VlqStF4IZUzJWq4HzwAaGw,Tommy
VtFNAvhf8WA7BWCZu7LmDg,Carey Beth
W3om4LwdjWfUY2uXEVQZzA,David
W63f47I-jCtfMcDEnzz8Kw,Lauren
WC-NBMa0fCVBA_hluA5SRw,Jack
WEWJyHgvr8fXbd0M0axrVw,Chase
WL9pjOeMB1AZSXaxgnuXvg,Roshelle
WRMT444zmdv34ibHphyWVg,Jay
WX-mqZKamAnqVwQwQr7Mtw,Tom
WX2hX4kivzkHIa1hccBW3w,Little
WXuSEBwq_w8J9mYP7AsTMA,Bob
WiCdGJE9mu_wTbrr8LXlsQ,Bob
WiNGocx8elQVb_3RYQmoZg,Betty
WxLxUikUgBi6wkDm3d8P9A,Jenna
WzRK5qCJBg62bsx8Wz8P1Q,Trish
WzrzBohu48o7aauY9BfdhA,Christi
X1g8Qg5ezh1mZ4iIb6sHJw,Dave
XIA1SNQwIxj3u7pG90Tf1g,Erica
Xf2pQy6hih9DnYS1EMYMnQ,Fresh Off The Boat
Xksb-cOwFumzdFdfqNR_gg,E
XoZN4MRYICehYfsSug5KJQ,Chris
Xor0kBfH9zXjGrtTAIUpxg,Jennifer
XsrxTsgXs59vaSGAzmCH0g,Lisa
Y0V01f1zPdBeTT9y_bZCyw,J-Travis
Y3cIuOamMGkHcjzMdJZHvg,Andrea
YJjoADplR50FUYhldMTXFQ,A.S.
YU-dF7lgRhcqntyWjzPRzg,Evan
YYfgEK77PFL6-ErHHElHww,Jesse
YaopNN6bK8Z4uqYFfKJRGA,Chelsea
YjW4PmZ5cNRse0GWUlwfOg,William
Ym1lLxQRLpGPoK0K4keowA,Meghan
YvGyqEx51rpg4Ojz3lpZVQ,Nicolette
YxO1W5_ZiABWpvNVnvWXFw,Allen
Yxf3Tvg7gi2fkwgaUDZ7VQ,Jeff
Z2OzOx2Ry24HrEK6IP4o5Q,Danny
Z2ed4Nr2RuB3BW0uAtaXcw,Brittany
Z8aIZ3_o-Z3xpyEJX9t2Zg,Lisa
ZEossKGO5wq3EKBpFy5Buw,Kara
ZI19HzSkgHsu7FcVsMuL-w,Jennifer
ZTNl9E8xR5NSKEy_10LuXw,Jill
Z_0jqLjYaoy8VV2uPBhdTw,Larree
Z_zM-5m7DggzGDP9_EC_nw,Shelley
ZaGRsZxd52KoANKT2VTr1A,Josh
ZkHD1A3zmqiAqSU3hegWKw,Molly
ZnGmUdnlGfVRXIXkSG4Qbg,Michele
ZqPwRJKT3JOAyH4-Hz0aAA,Sarah
ZrXXwo44_OAiqivvQurNSQ,Joe
Zy7sB6YY6MtwEdsO1n5XhQ,Sienna
_6L9PX1o3wmDVZ1LnZfO7g,Lorne
_COkwVafgmrUU9rYjVS-Wg,Neil
_HHIBXkpznV7S-0Nv3yE2w,Maria
_P2xJAQ5emfpRO4tBZOwuw,Erin
_PEtFgUigFPH1mooJq4oTw,Amy
_QF-1HZr4-SL0cT09F0vfg,Carol
_UDAXwjqdN0eynG05cXtbg,Alison
_UMIAnpnXWAqXS4y6NT1vQ,scott
_VK-RyyNWlFeVIGLuF4lPQ,Preston
_egdad-FP4Cx8DJrb2B3Xw,Jason
_fE3hlMyaopq08qep2ezcw,Barbara
_gYLXPUEXCgkSLRnkvPFYg,Joe
_wTMb2bt93UX491MSa-SpQ,Leslie
aAvsV5ahErk8BcdcysVSnw,Jamie
aQMSnkwQ8OK3O_j27FEoew,Amanda
aV7SyM6yTj7Ju-NJxp5QNw,RamGuy1983
aVf30fMhP78pNx6sXh4Nfg,Sam
agsfnE0U9p7a7efQWxi0Yg,Amy
aj_PDfjF4iuaqjNU7KrEtw,Kelli
appxaPktVbWx0gw_VPp4AQ,Lauren
apwR2b687OWDkawzUwf7fQ,Brenda
argAu-OuIMRGdcXY2eK_DQ,Mitchel
bBxLrgZsTuiXv6fp3HZFrA,Ravi
bEqVSmu2pTulP2f6J48Dyg,Eriks
bKna63JiYuqa76t5eahPMw,Bree
ba8Mxmp4qmUuBrvEAJQUsQ,Elijah
bhmWvr3HAudZCLWv6BYTfA,Lizzy
bxdK7hMFjZkaB1mxZQvdEQ,Thomas
c-M3jjF2UeMdIVi3JZGpag,D
c-_QNzJnpaIU2eBjNbJDLQ,beth
c0v5TirVfvTiLvMnD50wgw,Cory
c3VOHXTc6KKHsEYk13w7MA,Eric
c5hwALlUSkRAUkVK2DDS9A,Olivia
cF9J9cToZGIgqJZ59yb3fQ,Vicky
cFu-kpXa7vYxuSWvSiTCaw,CJ
cKsDjnlJxuQkne_tjskLBQ,Jessy
cMDU-BpOP97pN8Owt1EaUg,Garry
cOS-MNurk0vTQf2QLvbyrA,Cayenne
cY8ANc29BZIhxe0lzowsQg,Forrest
c_6XH3NwBtf_9n1EI9GEYw,Lauren
cbY0f25GE3WLB5YUNQUgtw,Russell
cdKJ1Sve2kxx84gheqlEtA,Tommy
cgX77Ucmbo-GUbUQEGBNaw,Shane
cilN2SXP_CYyI8uMc33yug,Jeanette
ckSkqRJz1svP3ZxuR0nCCA,Jan
cl9JbKEtMD4xDfUsIvpq5Q,brannen
cs-fLV9NmOzh1N1n8_B0Pg,Alejandro
csVUOMLKtmyZagxxvpyhSw,John
cw98vAuzuA-bPwpcjUC2kw,En
czI1x1AGJ3k28Lev-LNvqA,Becca
d3uvpnWZ3fi59mrUorXoxA,Joel
d4VMUnZl83JUuwd4Pv8wZg,Dan
d5gz5qk44E6LuP72W0r7uw,Bijan
d9MxrNcygiHfg40C530VlQ,Mari
dAMps1QWIRtjgb0rNlpxNg,K
dAn61ZA-ZA6kg77vXV40Lw,Tiff
dG8-EHMtvg4GIGAdmc3Mvg,Gk
dITe7edcnjnIK_JTGQmRAw,Jessica
dIV9TtcCwoSva5kxipX2yQ,Jenny
dJCQxwbw0GdVf59cuIQzng,Eric
dTQQA8_CG1UDNiCDVxkqVw,Shawn
dTXt4KY8Z-nzCxRDDA3Epw,Dennis
dXpaoq0oo8qAOJmyfEsxJg,Brittney
dZHn_AJJ5Nr6Wdb4eSQ-zQ,Selden
dbRg4-VHc9m4p-dDOcKgNg,Vicki
djVPnVTNp4YSny2TSvSOTw,April
e07NcDTletA_etRmJCcI7g,Jarred
e2bLkxzfhmm1vQ31D7DTlg,Megan
e3cnDqsxHZf1aKC6KWHOOg,Jennifer
e7MzlHbYxhBsU1ntDlG-OA,Andrew
eQBvWcnxloGSARllj7TdUg,Ginger
eXvSVSnz3CESoOIlRya0yA,Lauren
eYZkYKSEZqJ53PfhNVqDSQ,Carly
ebPRlaBQ4XFo8QCuvSlQBA,K
ee_NWb2TWBG912dgf495zg,Rachel
ef99GIX52NCnsEWPME3IJQ,Tony
egKXcoVaYmLROuExaLj0sA,Billy
egKf6gkkFaOtne3NJUCUzA,Sarah
ew2rAH2sLZF4jrc09lspgg,Rachel
ewPehLq02_5dki22K52t0g,Jackie
f69zhE5WV2pxjPUm0lfM-Q,James
f6AwH4KbK3LpId7yRYXdOA,Alex
fHWlG36MTh803RQ0el7s6A,Ed
fJTuckzbFBvjg-52Fc-oIg,Grace
fLwVV89u4chh2mQ8eaTAIw,John
fN8wd2aNrop-rxXnAzg2Zw,Chelsea
fOl9drrVkiJKyKNVX3Sq_Q,Edward
fRnS-x52hPyoOHxOGtzjHA,Cass
fSyhiR8l7vtmtHhQPMT5Qw,Burim
fbZkG9gb_9SsHzMjqAMGSA,Vernell V
fkf3IsOMBZdQRI8DZXsRjw,Cory
fkjkl6-W7B9K1Bd-k-xJyg,Amber
fpUSMW6FnbgpGkMJWTpb6Q,Tricia
ftCiRR7FLFptT3HnRohnsw,Sheila
fu56ehc01LWF6Fbg7bsdJQ,Nathan
g0j-UP4tvRNrlicRwXONUg,Tracy
g24JBYMsKbxW8HLWJcTevQ,Melissa
g34Qcj06LmCDhKzksfVNJA,Joe
gB7cfbNzujQE5JoQo9I38g,Rebecca
gG9pGGqlb5RdEZpTpN6VoA,Dayna
gJDt7MrZoUD8tl7PY4kCTA,Amanda
gOFcE_CxA5KqoywVU_RiYA,Katherine
gPfZXi8E8kh3wnpeEMxf4A,Stacy
gZp8RFXFOHWteT3WwUKI3g,Koji
giP2Wld-cKrrCAIdjJ5GgA,Kristin
gtOg-PrWNz5Odl6ZMzyvEA,Jessica
guRQzSu983Dnf8KrvmzrXg,Ashley
gzHtpP9JjZN5GvHiWBe8ZQ,Michelle
h3O-8wAoKRro4Z1ni6i6LQ,Seth
h4itDOuPHKWb_LuhFBoh8Q,HEATHER
hAVt0wK_CiiZr3PcGiFJLg,Katie
hIVtU4WyM7rvFdcjcEFNRg,Don
hIeuX3vuoVspRDo99GD5bg,Sean
hIzYDhLkaiBQ-Lze8lOsng,Chase
hOJ_q9KV_In_E5dtQFp5Tg,Jenna
hOn-il6NUAU3h4qmkjFVIw,Christin
hPN2GMUsziz1k5eiKKGGZQ,Bitsy
helgOOBiMCDXXB0SMCi55Q,Morticia
hfIzBhs8zWvFDc4g1PSFNQ,Serenity
hlO2nAbKVgj3Ppxog9wcUg,David
hlXMxEeyH--fuHaKU-kMsg,Greg
hmaz-0WTH0iR-GHrxxElag,Amber
hmbrIfsKH_hCMcerAOLV_g,Sara
hwT09D9HwouamUIcpiSNYA,Bryce
i0vG9OjIcJiIdzPaoxKliQ,Jennifer
i3VdcRHqAQFWz3jElUpq-w,Charlie
i55YgfGqgU5cuh-9cYqdPg,Helpful
i58FHCCiQvzc0SRQTdDHBg,Jen
i5ViZe_btOzQGVFQ2ABNSg,Rose
i63hXFePk4Tpwfij9DJCxg,Mishi
iBjqGYNAKfXEBUx1tLoweA,Steve
iDEWz3jeeOkWekDfqgZIUA,John
iHyMtb-Weyy4AVDZlE88Kg,John
iOIp-0ka2qfjtJnoTZNgHg,Elizabeth
iOTg-uiy3CU5xHL_G3U_NQ,Alexis
iPhnlVm7BtYyyfVPm3bN1A,Catherine
iQKNA6rfBJhdHQkJE82dHQ,Theresa
iSb9BvczFaBofLFEsG7GdQ,Frederick
iUHQMAp26HcoJOXxx6zH0w,Ma
iVjIChCLIeE7jRfmXHBK1w,Kristin
iXSLbvPfHPsE_dk2qR7dkw,Renee
i_18xUnXh-4XWrD-lPQ9TA,Brendhan
i_EXq1Vd_DyLpw1jVfACzw,Jeremy
ib2yZxLv1xWuF86kYEgF7A,Brittany
idlL-0UBG9PVrdJf32_fSA,Nicole
iyR5YwpMnOCmbfvk4KKczA,Gloria
j-5Yv7FiiYgJGOcd7FmhNA,David
j3-MRlNJR44gytGVg55rXg,Mack
j56G3m8vYtA_2Io6FcISBg,Marissa
j58m6LKziw_RwtbBPd6c5g,Olivia
j5H3oWY2DNN1xzJ2qCsoiA,Deb
j7XEEs3u175h1YODtuhJ1Q,Chuck
j80JbvE30kYoVZi9CFnrOQ,Jeannie
jC9ZfW8nlC3uo1WAaTRdcw,Kelsi
jDV0yl2HR0-DTVIrtCfxMQ,Kortnee
jKmQUbDVBrdZ015JF7NIQQ,Shelbi
jMeYEt5Om23c28e-W8bD9w,Carolyn
jPbDQocw2NhFqVabqgfHLg,Bread
jQ-xWFYiC8cw_rLNmTstlw,Ali
jTWXISOvPQqi9e9Q9NK00g,Paul
jTy_6Yupo5ZHr6lgIHgPAg,Kevin
jXvayO1SJCqZqja-il1EOQ,Ashley
jjsTkqQQojagnCU2e39A9w,Brian
jqrwaA8UrRs_Ha9mwr5_pA,Robin
k8eryt09Sk43UREVu3ujCQ,Greg
kDB0KRSi4bT6iMrovqH8Zg,Lisa
kFTv7S3SN5u9kLWP65m5Dg,Melinda
kHDs9YbnnTkTVZiX5GLAxA,Ashley
kMN1zjcLPrt-d-HKShv84g,Monica
kNM5CR-d3F_ppCXBdysDKA,John
kZ7J1qiyTDEZzmLcytPQUA,Anna
kadPQGcXCutBhjBcunMu4A,Natalie
kdN_eVXUeoMW35jkfp3Cbw,Cijay
kvkzNDjfF--jkbW464JF4A,Steve
l-JWfMOaSvwHadXWjJgbjw,Sandra
l1SpOm_I2aID1WK8feAFtA,Anna
l3d538Xb33XV_LUS7hKmPQ,Samantha
l8U3tj6CyMttFMl1-Y8jbA,Evan
lONGUmNIyBGToULR-Urc4A,Alex
lSOXo1uX0Dw3O635RYsAuQ,Jessica
lTfQF1KM3yMnrk7ClBOwMQ,Neal
li7W918oKQmLLoJ2_eOrUw,David
ljWWhYbZ2cKn-4Ef7tjSHQ,Holly
lrVA1yBg9tdrakp9GhaRAQ,Krystal
lutj9YMbo0zCViTa9V3ocA,Kimberly
lvv3ZJxIVy6yK2tMBAhjRA,Cynthia
lxOcZ1VZ58nSCFgcunecjw,Blake
ly2uK49d42e2oXhD8NvSZQ,Chanelle
lysZd0gyiY_Wq1j700kXaA,Ginger
m4HU1iElUU-PM93Gk0hvqQ,Sarah Grace
m68--fNni28RYzVjbEJshQ,Elizabeth
mMJUA_g5bBDYItXfoy_cZA,Debbie
mN7dbZdqfryDszLTqNsSEw,Yesi
mNgZndhaGknNJKWq_1Gt6w,Mingo
mRmNo8fC5O_xaENUmXsHUA,Jeff
mZ6IM6x7AXyozuxKS-asUg,L
mf9PYMr-FM4hq4M89U4rLQ,Rich
n8V3-YmZRTNrnkoeeYuyjA,Miranda
nAFB75ymlNNc7mhezV_Vxg,Paul
nGHI-c9gokDI9T9K4mvzWg,Laura
nGVYWjonYrS9iXrAe1S1TQ,Jenny
nK6Wt-dLUaEeqvOjmn-ubw,Mike
nVQ21TrtdDEE8wbrBPseWg,Jason
ndIfP3t070Mg3BPBiUzB5g,Jeff
nnvM4BLLiASEUuAUkeCrNw,Kasey
nrBnY5Ii7hS2npGSuEwETA,Matthew
nsfp1svTq-bQldTZEhFudw,Emily
ntb5CQ1E6UpIXRaJ2bAmkg,BettyAnn
nuwAHAY3AsphgObUqWUGHw,Erica
nvnPR-Y4wunctxJXFOg--Q,Chelsie
nzcu1zMN0RShmAtBdZ1hdg,Rion
o81cJxpZPqoWMYa-dOenWQ,Katie
oDjY_JxyMlCludZars6NQg,Kayci
oE8EzLT_RCuAWG7GMdZEbQ,Ian
oKHEBT5EsyGY0GZA6JSAEQ,Ronnie
oQwFLohuwcJYMd0WhCph-Q,Lucy
oX73XI8ncvoKCzZHx3L57A,Kalee
o_Ma665k6tgTg0AmPZBfKw,Terrius
okGcvXOA6qnJwfINR2dfvA,Lisa
okgxnJzKI99UfFYluj2UgA,David
omixpqHiQh9vfOeV1nQhqQ,Christina
or7p6hwE0k3gOpSllE28vw,Maggie
ouz7kFJ36VyO0hPG5E9W1Q,Hillary
ovEy4UD4ZfTlPzoXEQgVIQ,James
oz6izwSzmXFrowmR8vLENQ,Caroline
p5MGBC4QBNM4cQoI1ep-3A,Mira
pHBa2P8aSaisQFwTjniPBA,Matthew
pP8Hjf4G7Hac0-_PD6TadA,Lana
pPDfJ70OUSAqLII7tDFRCw,Samantha
pWr_vVpOdNUTmkHd0xRUHQ,McClernand
pY3PRggtPYhRUV5Clx4jIQ,Courtney
pfxFgn5sf3yEuNEwIk9uIA,Gabriel
phvzgb9WvV2RXA2j4SAxTQ,Russ
pkmbQoJWvlT3Zp3kLVAp_g,Kyle
plUMsHaVpzJOdbW0iafDBA,Beth
pllLGUWy4gZEAAIb9FF_Pw,Kam
pwbYrAWnK_SkHyfVhcRkzA,Neal
pxS5Sj5w6Ohm9QJhZ6PBIw,Mary
q-x6GPjOuqLd1-lx8-BHuQ,Vanessa
q1bjnI5JhZ1ZirTm0LeiCg,Araceli
qDoo3QU7E6y8qo-b77xjaA,Travis
qKqf3D7tkXvuhqDx_H8HAA,Jennifer
qQjHhTIG6YulcxRncQvPfw,Matthew
qR-UzvexNvuyDR-Pawc4ug,Melissa
qRgveqTNjxQ32Ca29XE0Iw,Mandi
qW8gOpCzPEawVeXOX-HH5g,Larry
q_96Q4LuAMqcMMFmi4QvUw,Jenny
qa1ikeFK3DsPD4PGI9MipA,Jen
qbEzdPgUl3AF7ZvWFQlcPA,Patrick
qlR0nRDsKJqwvRN_qSE11Q,Mai
qm4lFBSFcqTdFRmM_nR3XQ,Peggy
qxbbqaVppf2ZcQZo7CHA7w,Electa
qyjiWrUxRQ79LWBA9-Bp5w,Patsy
r5Z44CFk9FRks-Wu28X7Fg,Jaci
r5dIqp31L90hr6Vsq0qdGA,Denise
rBUmW_jJ-GnBnJhxuF1RJw,Eric
rSPGpbViNnDYC-DC9p35yg,Lori
r_7T5TGn9NZUTJRlAuh0-Q,Adam
rbZoUIOT5ViOSWuaMFXtnQ,Stefanie
rhWrfzXgTQyLQvUonZHmEg,Walter
rll-wkfoK0UE0npme_PQ6Q,Jon
roz8yYLTNFiAhkNUu3Cjyg,Nicole
rvuPuJfKfBFLmJsqk9bSAA,Joanne
s2biaSN9gnIhgOF0RCrXcw,Matthew
s6ltuRkhtzTSoS6qwdwAaQ,Olivia
s9d1I1CIgRifYri-DUZh_w,Erin
sJCBHaPminWVzWQovdZkOA,Lauren
sSByfp9Zat9nsqJdM2ZmUA,Walter
sU7vYJujbzZ4_HMdGT1UbA,Mark
sfFS6wJfMHjjtNgOFKgXzg,Todd
sgSyo9TjYaEMot0mje12yQ,Joe
sgdXAEHdFjih_dshuDZ_GA,Joe
siauGrrg6VvNJ09B14TdUQ,Craig
so3o0AaobQt9cUToRAUvgQ,Brian
sox7BBLvTSqiFKmh03oMFg,John
spQ1KKMQJ770l2lblO1_Jw,Marissa
t0NupMzYsETnwPUQ3fisyQ,J.
t2z1VDNBiZkmvABmf15SRQ,Terry
tB1qwgDpxueKxs019DwdzA,Iesha
tCmgAsZptUbj5IpbPmfl0Q,Tracy
tM1wvMdqzGUVzrb1mY3S9A,Mary
tXICyfmFyC-CiDT9W5lczA,Clara
t_bg7nSlatCs6O--CVCuQQ,Jen
tbV--4AYWSlkNwzrOOhv-w,Taylor
tcrC4rc-9FvEDvjB2ai44Q,Kelly
tdhNYRFIjLum8LnhRmOzCQ,Nick
tg1Eh5J9iqH5Y0ycb1bejw,Eric
tglSRh19g-cDh4XEBGWfeg,Regina
twa9qBd-0-zlGZbRXek7NA,Thuy
uC-LG0vJSEYalv0A-OwAnw,Amanda
uEzQh16BwLw7rN7Vy8_riA,Christina
uJqZYNGGGhKWZ0BAPPdx5A,Esther
uMxQgqJCR3R3KJrx02FMXQ,Amber
uT-0O7yxNwl7nEoaMgtxWA,J9
uUNi-ls-2k7812oQh1Uliw,Apple
uYadRePZHc7i4GMvyqF2hg,Scott
uZqRXj8VOak4_sOSmpBsqQ,Erin
ua35_pWUQcriLyK79sAYkA,Alex
ulnYd4MzUMQIwvUJTXSGKw,Wyatt
umBmCUwNq2SeRFn1zAJs-w,Trey
upi5o2y96CSGDUy01wfepQ,neeta
v-KtbA8RcUzfsrpXtr8IKQ,Stacy
v1R_UYEuDuS2eNTL8FEOYg,Tristan
vBHIsyfFSSVthehawS0Nvg,Ron
vBySYh-eU_5cDy4EyTDWAg,Chris
vDPAP5kMxR58-0l1Jy9ctg,Betsy
vH4DYYZ3IvgxNFcO3A0iPA,Renee
vI1Wetji3cwT3OPPLXyf6g,Sudie
vLXkUNO1v5obE9cgQCkrmQ,Kristen
vMpPzXY19zN9CUArFgW0rA,Niki
vWSt6TwyOjrXP70roze2YA,Calvin
vYvTvSk7NGcOk4XMeDidEg,Jan
va-TIHHt_b6ZlYy7LQqRQg,Daniel
vaBCSlCqBr-2JsSna6ZDHg,Kazsud
vaq6GUNRNlAI7pGZ4229tw,Shannon
vfkXA2NOjkcEG-QWMBK4Mw,Shi
vgloLkIyybw4zbj-3EMIxg,Dan
viAtsYYiHF6XTK9NxIyDdw,Jess And Dylan
vlRVKd7jflLaXWRNtu1biQ,Robert
voAs-xdJglGy64kxVct7lw,Alex
w34HiBB81xXXCkrYB5qRtA,Dan
wAkB6kjH3sX9BBpLPeMYHA,Ken
wBqvqmbuHeys4Wbo99WzRw,Emily
wDew919v8fnjqxMOyqY59A,Carolyn
wJQ8Afe-41ZFenZf47_2Wg,Courtney
wQUiYsJr1-Xxp9BYMXb0wg,meghan
wZE6SJOF95Y99V1wcAEjBw,Not
wcf2EFFC8SgmXyW5g8BoRw,Damien
wf7sTogzlzE2C0TJLyFReg,Matt
wgh4bv5ZHPEiu8_k8zeqHg,Nick
witsw5vmzpxJLIrBb8NR9w,Maya
wnpOWW5XrXMe4C6OCdeP-w,Stela
wrz0__HSOcGA_E0USUhd0w,Gregory
wsswmYituo7RnG4w5onwag,Portia
wu5GVhilcC9t3MidVpXJQA,Gary
wwoLHw7FX0CaeOmw1ejDxg,Vicky
wxpJhVyS1Nozkl81jsosaQ,Susan
x-dviCLKm1IrpM0rb3gnfA,Phil
x52WO36cFet7S6lroC12ew,Tabitha
x7B5D9JEtL0GeZLp7RNbSA,Marina
xKRvp7rUIXQOv84gy1LrUw,Isabel
xOO3lfQOZLbA-q8Yr0rEPA,Brian
xVJW7UiDumUUuM6a2NIrcA,Yavonne
xeCvHv1UwHf_DEm6VgvXHA,Abby
xmOnbLA62M-BJi-2YhR4ag,Andrea
xn5Hz0zTJvIAQkqyhCpECQ,Jasmine
xnxtTY8UjZqlgOycUldUwQ,Amy
xsjOy_ABpOI3e4sOY9RkTg,Lauren
y0O2qkk5E7KYFqTNX0h0gw,Catrina
y1d0ddIlpmmqv5szH2mWCg,Jayna
y3FMOvQgSIIrwoJ0BWXbLA,Kaila
yD-qrNOlhVau3GYTpplGIw,Jane
yIGbzTP9VUe7AUJdrTS2pA,Chris
yI_ZVp_8_nWxN-gVp4dRmA,Laurie
yOHHLdI5cmKignahZkcqMQ,John
y_zGXigCKLpVpAX5hTaBgA,Jacqueline
yaHlzBE1Q0PKj_vLPQGM2Q,riki
ygstfgeZ59XghUjtDHE4qg,Derrick
ynTOHWTxjs26ojZ7Stx--w,Josh
yrusy5lmzZ6B6d9VNx6T_A,Kandi
yxSYHH4pjBzUi2lIePSCTA,Niaed
z-rJ6MQgc2kQ-vKSHOiTXQ,Lucy
z3G43V12Es09WtAVWcoteQ,Jackie
z6TUdj83pgHtauL2X5aJuw,Chelsea
zCVQu6CUPrXOQnWZL8TADg,Mark
zFuopHITy5rbBRR8t6KuuA,Mister
zS-u3H3te6lso1N88qLo5w,Kristie
zUtglww3nUfubocmxtPEIQ,Lauren
zWSNGz8k4gaPAfbIaogyag,Yanni
zWWcik1fRPZviBCQLC26FQ,David
ziPORYiRuvICWl1N5O7z_A,Lisa
zwDbFcD0uG2eXhVSxtzRaQ,Karen
-1uUM_1PrjcHU6DO4GXWzw,Joe
-3s52C4zL_DHRK0ULG6qtg,Sara
-S3ZsSIf2ms_2eQesRnrJw,Wade
-UjH0MD38oHvM_Sf-RXyVA,Paul
-YFNSnKGhPi8ucKCSqI2cQ,Anna
-YvF5SpRk1tTMFjd8cHVqg,Alice
-e1TDwHaW5LN-QJgvUP7bQ,Chuck
-eneOTwr5fAo0bjYXHaPoQ,Alyssa
-sIFGGLXALSiqX1UdUF_bQ,Heather
-uOnaoOUi1yE5aVNx-yDaw,Rachael
-vOs0gO6bu9gKnAOhjFnrg,Amanda
-wj2ddi8DgpqO10UU3boLA,Gaby
-xV0_ZO6GmXPsvm3h03EwA,Erin
-yJ_CZzI5ToWkuGGfrD2JA,Lindsay
-yrJh-TX-Z2jde5VJz86lg,Shravya
03UYnMxXdi7XQNZN-2-4Zg,Renee
090IEK67Onc4E3_IN9TlCw,Jen
0EM2V91WMRe1V1ZrxiRN6g,Kristina
0StlfyZXXPN7cWfDURsm3g,Matthew
0UxGzlV9nQBUIWgRSlWBlg,Briar
0XvrTKpopRxuWRk5O4VtNQ,Donna
0bySUUnHooGa2M2gR1F0rg,Jennifer
0eAE3nci8RZRAjgg5mIEUQ,Jacob
0eYK-85tP_bpjco4aY32cA,Kristen
0fdFFA3WlNdt_zLgr_PkPQ,Casey
0mKSXq2NTuJggVhau9CF3w,Jared
0nhxvk1nSpgCSmW0llEP1w,Sarah
0ofVnmMaBWpXjp9EvTFWeg,Jennifer
0wbmjtkAFpfVX_AqAyFLsg,Sara
0xjeBcTwGnoq-4gMH0OKtw,Mo
14K87DhlNoQ_lIrXcTin9g,Kyle
1EHv4bZeABHYQIE0WACRSQ,Paige
1EQ3eCL51WoopVwYIjqKhw,Jay
1Is8wZNW8gTinbx8GTvG1w,Trevor
1O2z8m80U5ou_dgsPKwb1g,Helen
1SOc2WC4ExTizy4mIFNUKg,Gerald
1bM3THubtV2NiVn3yAucMw,Emily
1c3QgQ1GtTZ-bSUu_jFAXA,Rob
1cEfyVWz24yjpLqzAEa9HA,Didge
1e8BE7MGMeyf8ZtT84mzQQ,Grace
1gdY_HmC6Ulqo_bMzB-mnw,Lexie
1iJFBONWGAOU-b4ZFr2OQA,Doug
1jOn8A8gRvGrWhvklx1xyQ,David
1kZQaKK4Eq_BaexX98lm3g,Blake
1refvsBltrCc3j1H2ZwfhA,Steven
1rwbZmiGvI-lCCLx7yss5A,Jeffrey
1st49APEzHQaPz5JxARLGA,Jessica
1yNWDJgb0tjhb3I0rXM5YQ,Shannon
29RkPkp67XESLFKR8Xs2Jg,Christine
2GdebrHrhGD6GmbawQilQg,Julie
2HHgxApUxLxhn0eX3cZBxw,amy
2MKNtIgDbSzdBfKNT1g0dg,Dan
2RKrX9NNo-WYXJRMjDE6hQ,Mercedes
2hnWisFbs4_u4gVNg0nuWA,Nick
2n8JrnQ4jAZ227ZMwBhDfA,Richard
2qWMw7uFQjLDp_xICx0KSQ,Nancy
2sGBu-nxLRsiekTkfAeclA,Amberly
2vqrlbB5b-vbCDEaH7dJ9g,La Chef
32ArQwmK72zkujam2FIZqA,Elliot
36aGM0lrNkqWxV9O_a2vgQ,Alexandra
3IL0WUlkg7CGtgcg464b2w,Melissa
3JwHdbgQI3KySZrb8YSXNg,Mary
3L1miYPZ0k2cQTjptyKSKw,Nikki
3L6naVvYyhRifazGtFI_Mw,Megan
3PS4eFaTG43nw3Em5vFWgQ,Mandy
3UISiTkFWPenZYdNDfIsHg,Jennifer
3b1Tlo7BnnIpHJN1_VRvng,Melissa
3f1K-Qc6SSY31iX0Iucd6g,Joanna
3gPpGS11pMSjHujq4FJfkQ,HuangRong
3kuOlB-aBQtpQLeWxQwzPQ,Amanda
3mzlY7k_BnDpbSHTCQgW9A,Christina
3ox9HQZkQse6NWeBICRrzQ,Katie
3x69a8OGyReKirigOk8Nww,Erin
42o8iF9vkDPfdoW2c9gamw,Sunny
46HXcvoknJT--BnEL4EHQQ,Jessica
47-ybsT5Ku2_Mr326ecGWg,Erin
4E9HBYet0fh-5RpKkEo8PQ,Ro
4LttfktRgAF_0Bunsyv9BA,Tanya
4SCVK6Np1EOXYJxxq9vigg,maria
4dr8LcOsACDQVa63nKTPdw,Amanda
4iz8NxVzF8-J8tQa0ior3g,Jennifer
4pDiZ66iHkLl41PtjLQiPA,Nicole
4sh8DB7bR93fz_RIS3_akw,Penni
4vXJ3BeUBkyqysa9zNZd-A,Brenda
56e4JttInNJB6UZZ3HD2Hg,Matt
5AedBK6VVuEiZB3y_57aSw,Amy
5DIfMOgYnRBR66qiKbZHrg,Ben
5H57FELbjcA6RGOvxGuFUw,Mike
5JnxXi-K4uX1NVFyW3XKfw,Cathleen
5TmxvKgb_OTYzbsLaDYldw,Russell
5UGWMnPWNIiNfjK1YJVd7Q,Sara
5ia45POoxM85Ne-fA7jzdQ,Will
5wV6ZsdkSaZ-Af7-fewVAQ,Prutha
5wmT6Y0bEpWYTAqWdiCugw,Paris
5y52RPaBOOoG5zvFavFQQA,Dave
5yTJ9IT5n32oNoBEPl1OGw,John
657TmbJmG1EQpkIfM99rbw,Jill
696zcGY1Kiycwz_GeSaiYw,Todd
6BBq1N1utoHrNzF8N4tdhQ,Dylan
6DC3h019ldSimfGa-WG8AQ,Sarah
6EfChN5J1RmmFmCbGZ2dXg,Danielle
6M10gXEXwgrbUnJIX7tPrQ,Jim
6MWUwDhHdaZMkeWJY8KQLg,Bill
6XArsPpA9LjUfVGxMerPww,Kristen
6ZIHWrwILOG8j2JTP1dtSw,Brandie
6dn_OiwgTtQ2wT0iWqdfrg,Jeremy
6lP6-FGJnoGkALo9IJlAow,Keith
6lu_sFczTg338u4jWPzDvQ,Savannah
6qR7pSANMIoC8TNoCrDS8Q,Elijah
70w9NDaKTeQ7_oYLf6LodA,Gavin
74pkJ1z7CSdvMuYbWwCa3g,Joe
79HRa8GZN8mJ3tgFPaANdw,J
7JAdkaWbXuXA4YULqxKaMg,Tim
7SGPoeYLPUJSPOdZhTj1nA,Kyle
7T1-kkAqj3E1azw-yd0lWw,David
7aK9ufwpl2hGgQpo5mYTTg,Chuck
7f380rfFDvNiNFG46TSVQA,Rachel
7gb3q83LWyxZGXEPetJXYQ,Dale
7imh2UOkG8oD6wuhpeFJ-A,Sandra
7k30U08ZaVCBZKWz8XCwyw,Cristina
7l4Hqb2vJutXzmwdr43exQ,Alana
7mJMPMyNqqAhxK-CKUoOZg,Jane
7q42uItbPSZCQUUBhusjrQ,Corey
80RfwyUu5DZpxZB1f_OcNg,Jon
84t6jpyclA55TMfMV0X0kA,Sara
85xSSepFXgQGDJzVZKLqlw,Diana
8GcXUO0XjG1M8AGLaOBgTA,Chrissy
8IxfgIBmOpI_IDXCH4i6Fg,Emily
8LvmLRaab3YUAvKDH4jrgQ,Steve
