business_id,name
bBDDEgkFA1Otx9Lfe7BZUQ,Sonic Drive-In
4iRzR7OaS-QaSXuvYxEGKA,Super Dog
tMkwHmWFUEXrC9ZduonpTg,The Green Pheasant
lk9IwjZXqUMqqOhM774DtQ,Caviar & Bananas
B2qqjCl_BNNnXvWWfpFiLA,Pottery Barn Kids
oaboaRBUgGjbo2kfUIKDLQ,Mike's Ice Cream
txiXR1YfMyk-5S4ZzOVIhQ,Advance Financial
yv6kSKxDdZTsvHL25K-U2g,Nash Painting
X_E7U2lVNEwbH_gpOBmAHQ,Cerveza Jack's
G4lRmwDHdvhZAhmtlsYYBw,Wendy's
zs4d4DqSp5zh3HGFh-PiiQ,Something Special
ORL4JE6tz3rJxVqkdKfegA,Gaylord Opryland Resort & Convention Center
Nh1rc9aSeO-Y5lYmXVS6CA,Quality Inn Nashville Downtown - Stadium
rYOrSXy2I4BcxB7dhg29uA,Restoration Hardware
1dSKEitDDgIkaApe6UNMSA,The Pepper Pott
ZiJfb924ewMO9S2f-9W9Pw,Advanced Towing & Recovery
TO5-F6Rgt-_sYvRT9Cta-w,Apple Barn Cider Bar and General Store
wRBEBZ6TvMTuwosvBa72xQ,August Pearl Salon
42OM20QndpmsOSY6ccudBA,Union Teller Delicatessen
d45ejuYD188Yzyxz6cCu-g,Mattress Firm West End Avenue
oSp8B87eQ8droCGiWUERZA,The Moose Music Row
jKb0H78PubnEMa5JoXdnvw,Harpeth Cleaners
W5tIz4sl1yRW_fOXHoGVzQ,barre3 Nashville - The Gulch
H3JjbID9Zhukpqr9uupHAA,Jackson's Bar & Bistro - Nashville
ZuOtTcUKmthgvhKo7B_-sg,Music City Pub Crawl
XNWVT7tR7yAzCyf0VQ-ijA,Groove Room Studios
dD2p903p8lU0IgXT3OFluA,Edgehill Cafe
6mCsrUp9Vl4iXMbOxWtVjA,Dosa Hut Indian Grill
rTW2Og0Tg-OkLTvRwgYO9Q,Courtyard by Marriott Nashville Downtown
Gki1ureeRKqlIkQ-AELDVg,Brugada
NrL5xcCR9Zhy8kh5mHwvWw,Paige Simmons Salon
fI8kWao4ejLDDGgWNxKiHw,Edible Arrangements
5EGhvgDt_E-JPl4EhQkOtg,Edgehill Cafe
0_bq30K9LWJP16wCrKUD5w,Barker Diamond Company
B9oez-fvFRD76en7pEvhMA,Dress Up
c6xOzTbNqD-1g9PoxAh4DQ,The Wine Loft
I2CxrvM0BGH1svfxqGGD2g,M.L.Rose Craft Beer & Burgers - Melrose
-BDSQ7COGF0tcbWJRkTIZw,Volkswagen Of North Nashville
g7GCbnZC_HKO0ybNt7NXBw,Popeyes Louisiana Kitchen
nX7aULcuP15c6ntE1ml7Wg,Donelson Pub
W0Gz0jEnksN13MXdZAvKNQ,Nothing But Family
KXVn1sHOBrLvARWYUhI-lg,Stardust Tea Spices and Beads
8iKBXKXuxFTwKlBTYr8bYw,Hayes House Hillsboro Village by RAM Partners
ByTZJsTDDhvOYKCj7uoy4w,Rumours Wine and Art Bar
RJPRi1pwocHNZr9ISz_P-A,National Underground
yTsG5uSr0OF0FuAuaa4MGA,Bridal & Formal by RJS
EXLZyOdjc9qQZf8LGBt9Pw,Epiphany Design Studio
E3xBC7Bb6KRlZeqcY3bWtA,Build-a-Burger
jg1adoNcXd4nWkP9wWUYwQ,Tech Next Door
Mp9SeTCbDFpynBhttlgwKA,Value Vet
4Rz9e2RmP7ErILpcls-n2w,Belle Restaurant
RzGr37s8p2ujVuN9of7ksQ,Panaderia La Conchita
ZdHf2EkMQPV2OBNgGhMAKQ,Americas Best Value Inn Nashville Downtown
9sdu-m075T6qdB46wXP46w,Krispy Kreme
8SqvtaRu9likNDAfAU-HBQ,Panda Express
7CBsFEzEny_Ro833RS6Acg,Farmer's Market Deli & Grill
diqXZ9CBFlIHW7i9UHefhw,Burger King
sway6xsRT_CUC6peK_Pyww,Bobby Hotel
KXQ7xJTGknQAL0u5ot2NPg,Lucchese
_49FsmTfruZSTjxU4OwOsg,Taziki's Mediterranean Cafe - West End
RA5XmETVhq--8qEtEskk2g,Mister Car Wash
J7Oo9rhwX7O3ak54pu_Mhg,Captain D's
hUPqPbb1MJrTf7lNi6SmgA,Flowers By Design
8s1uT8dyBEUwTNeHoZntMg,El Rey
RXvxF6uZLUNiblUgV0DYGw,Citipointe Church
_cndcbuaqSRW5f-MeZasNw,Toyama Japanese Steak House
jRyuScTMHEyPmlghZv8mnA,Nashville West Shopping Center
1WrtDs4KZPkOpYxchAwsuw,O'Reilly Auto Parts
LV61BcSaXlWsFR7_BJHJ9g,Super 8 Nashville Airport
rNcsE2O5FwQMNdabogX7Mg,O'Reilly Auto Parts
2STdNUM3QLhnPfZF5X9eBw,Downtown Cleaners
cDDxC4MS5YrRKTBr7j6iAg,Ascension Saint Thomas Urgent Care - Nashville - Inglewood
zxpJ4Frr8Zoru-YaNzOxzw,China Spring
dEjlpLUtjv4ax2HtRKT8ng,Strike & Spare Family Fun Center
x-HQh-lEouO2Dpn5_noaaw,Yogasoul
hst6dLda-vrxZKBwA5ZGpg,Full Ride Cycling
xg3OfgwSF0bzFaQDPekj6Q,Great Anerican
qZIiURCjON7QcTzNtG9JpQ,Subway
4fXSqfv3O8_j45f8PKg_CA,Magnuson Hotel
Brfjd29eQybUzNlgN4Snxw,Sam's Clothing & Shoes
s3FRhtaNU8dt-mKkLKUQaQ,RuSan's Sushi and Seafood
KPmFv_Ou6ddauV_gYauWzg,Taquería La Juquilita
ZJC0ONdxmIlwidXd8E0fXg,BoomBozz Craft Pizza & Taphouse
C7-MkOrqxL_QZhNVr_QBfw,Atlantic Bedding and Furniture
k7oZJB7BSx37e-masOmiLQ,Hattie Jane's Creamery
VsH62U-Yeixt5zvge8mFcQ,Best Wrench Auto Care
FwHflGnStDpUwucnF-fttA,Taste Of Music City
15AxDnfjRdXoma781qDRuQ,Roberts Mobile Mechanics
2V5ki_0pbSn2wF8m1tGBHA,Sport Seasons
6JYlHtiOpvfelDmiejftNg,getFIT615
GLRqRGjzS6nnmiks_hsgGQ,Eastside Nails
dk26UvdutPN2zzoPpqeZ1w,Cervino Heating & Air
wnjFEC-w0qWnyDnO8k1RpA,Nectar Urban Cantina
igd4ss0LG6HOLl-kUg3YWQ,Kim's Hair Plus
sKqn8vhO8kcScDDtbuz_bw,Nadeau Furniture with a Soul
iDGohK_mkqnAfLeWC4P4TQ,51st Deli
PfKuhGC46pQjnKgQnts-mA,The Night Owl
3fbs9KdaFicfb1Lj7Znq-g,Walkin' Nashville - Music City Legends Tour
DZdE09qqCcX7Atf3Df7Yqg,The Urban Juicer
U5E2NL4Z4xVLioRlIJ3-ow,Shindigs and Celebrations
Uuzewy2CLg_XCekRhA0PIg,The Comedy Bar
0fYRCLVFWte0uo-1W7gJGQ,Hōru Sushi Kitchen
WT4XIJbg_KrZ2zjt-rQg5g,16-Bit Bar+Arcade
pAgtmlIGqFYaWdBoCUeitw,Holiday Inn Nashville-Vanderbilt
MHs3YnWPruw8iss1oZkYvg,Lenox Village Town Center
Qq2e3h26GT7C4fodEzv_Kw,Lizard Thicket Boutique
xvdsyHdYsEbm_Cqs0BgdEw,DoubleTree Suites by Hilton Hotel Nashville Airport
R4DywgQo3iO-mFVTgotCog,Dollar Tree
ZLW8u1n776S7maN4KhN6jg,Riffs Cafe at Highland Ridge
yarEymPVKITeqOEAz81Gug,JB Custom Tailoring
eaJCpC6IhYphj7bwCDHTwQ,Three Brothers Coffee
K7rsFcHcO_LYrgWvTAik2w,Shep's Delicatessen
5pCDh3Tq3WzQau79hfJbsA,Brooklyn Pizza & Cafe
UknG4QW5LFcw0h1NfoZTOA,Bella Linea
tUDZnYQe7aD2VU3Syia_RQ,The Nations Bar & Grill
NvJg4ysrB7J0hrsb2A0gUg,Jack In the Box
tSiBAxQ5YuVA2m9PGIJXbA,Wilkie's Safety Lane
1JxSgUivApwcRYFnXw23cQ,Natura Cafe Nashville
GSBp_sxAS-g-8MJDfadwUQ,Junk King Nashville
Jl4mI1yO-Fb5y6ZvEWin6w,Salon Ya Ya
zKU0HQ6TcG680cQlYNsuSQ,Tusculum Strike & Spare
SspYxz38H9dAH6exnVSeeQ,Basics and Beyond fitness & nutrition
FZ-npfKC40k6dDbhtuerbA,Music City Golf
K51bVqlGcpTMDK3-SDkBeQ,Panera Bread
BVF9gWOAItS-781FlzGA_w,Tango Grill Nashville
aCU6-q3YSwyjBtOheUwdUw,Martin's wrecker Service
CBfW6HPqKP-46zadC1ktVw,Osborne Bi-Rite
CMXOuaH9ENYoUgxlExqLiw,Nashville Catering Company
WHDSeiCTkzL3XRu11Mlukg,Willow Grove Apartments
1Rk5z7X6hi0l6YSQ-5NVEA,Marathon Music Works
lsGZzXIJbjrWtcFGLAW5sw,AM@FM
9bHEYQG-Aj94yTFbNaQ-Zw,Doggy Rotten Daycare
9XkgYvXhYibe85V6mNE_TQ,Winners Bar and Grill Nashville
wuv3jE5Lc23TcfC70qu-Mg,Subway
vKp-9VW7f9-ZEpWZpVCRJw,The High Watt
GxOjX719-MKlZJ-xvvEt6g,TruGreen Lawn Care
qVVz1sRZVNH2xt865M64Dg,Dunkin'
6kAXOzE7fqaBZINQV_-_mg,Kien Giang
UEWeGuL0N5ZLwOQYuNYwoA,Crest Collision Center
vddOHTXk6b9kF5qFC8P4aQ,Crystal Morgan - Village Real Estate
ZfbeERrUqkP48cr0rey3Mg,Gazebo Apartments
g4KzJc8y7BhW66ieNIwJEA,The Old Spaghetti Factory
fRdJbbQk05UctAAX8v4uFA,Marco Polo's Pizza
aJ2AVfEFHbPIUO6sTyOjOw,Nashville Cleaners
J3KU2B0A-_kKM2vlQGCuHA,Spot's Pet Supply & Dog Wash
Fb0xkDpG90opWk9ffam2yg,Circle K
j5EOSkPcu0ehV2WB8U0xdg,The Hamptons at Woodland Pointe Apartments
sdUQjlWN9y6yowVcvqomnw,La Spezia Italian Cafe
vOgQnvKbE4nMopFTjoL8Gg,Watermark Restaurant
GvRA736fSqNZPe_OJRCt-w,Pranzo Jersey Italian Cafe
5jXiZ23pb-xf457uNM2yZg,LJ Thai Sushi
2fixsNXTvNZiNLjuAkNzyQ,Imogene & Willie
pNAi1ma6v21GkhPE6GKqzw,Picture Frame Warehouse
J1v-uxvC-kHel7H5zHwWSA,Nippers Corner Dry Cleaners
VMJvz4jqc06fvlfvloDVZg,Lynne Lorraine's
ypn3xRhd-v8x1jMxQvXMOg,TITLE Boxing Club
B03ajYBGDkZrIDB9lRTwUg,Valentino's Ristorante
hqCYXPFKzzckG4bcDloaVA,Hampton Inn Bellevue / Nashville-I-40 West
r3IZCDY-E_4kTSFA359yHQ,Music City Thrift
G6EkKOLWiOw_8G7olgvalg,Nicoletto’s Italian Kitchen
lbJ5QUeszGeUTUdCYWGfyg,The Green Truck Moving & Storage Company
zkAV9_ZI_RrD1J0JrDiQbg,Suki's Alterations
pft9MGeOVk35Vm0omdGUlA,Tecovas
Y4ekZBFgSauDaVOqI52vPQ,Blue Coast Burrito Express
0_fd3nMhIVlJyLV76dTCAQ,Krystal
tW-hptQp2G8ShB_In68InQ,China Spring
FYIL5duVgc9eLyYw6hobmw,Ellington's
kep6tAV-MDW7gCvD5r0WUw,Bella Selfie Bar
AkknNDcW0bbZCt4v66K8oA,Smokers Abbey
ZswVKOCuIcgh50eYtif_5g,Be Dazzled Beads - Land of Odds
Gdl9KQ3Q8-8sf4Y0nFnyKw,Carpet Ladies Company
r3umW59uGBKhpdOs6xdHcQ,Neighborhood Barre Green Hills
2oij3AB1we03O7_H29iJ9g,Cured Nails
5SJz8DhhXpxQBoxJiJNtEA,Karee Hays Esthetics
AeAXSy-FI2rJM451lmoJGw,Izzie's Ice
e6sTyJUiEJCDmqrD86-xMw,Schoenhouse and Manter
JhWdq1s_kN-5N98rl-fc6A,Sylvan Park Restaurant
1PYqegX1SruVbkCsRF-4lA,Opry Backstage Grill
Tpw53_jl1jjwgt5rebL8Tw,Logos Christian Bookstore
dfnWeBf9HNKtwH3VzpN0xg,"Brian S. Biesman, M.D"
EBn3U4mpnIRLIy2lKuilRQ,Logan's Roadhouse
1Pxg1AMf0rEn9QF__ZYoWw,Samurai Sushi
Q3udDlBSVCvZSqsFtIgMLg,American Tuxedo & Bridal
HkF5MVcWCDr6eCklm7OxDw,Advance Appliance Service
o0F-zMqb-dHbwOBihYfCbg,Crossroads Family Dentistry
PAKPTCQhV6TO0nbJ2msJBg,Ohana Hair Salon
BrYoQyygyIb-FsVJ0AMpLg,A Matter of Taste
LWDktsosohdLy4iI2pIOOQ,Bass Pro Shops
Uv2jXvPKejcViu099A9vmA,Music City Tents
6YPdxqjcNOxmu41Uf4x9RA,Village Jewelers
FkJgf6zNYiOPCFDJeNLaKw,Shine the Salon
Y1QKeVZSvhnAZnO26SK6QQ,Nordstrom Grill
OE5GoPzLe-QnUAZtg5SXyA,Green Hills Barber Shop
lTqAGjcQHeY3eTXBTIcvkA,Frothy Monkey
u1ELaa77voUfj-2GCOIUmQ,Fazoli's
j4fMC0VXYevNhs7wM9LSug,Armstrong Locksmith
ok_XwSK2UYwOX_6_86q0FA,Tennessee Radon Services
vF32KjPs8BgltSa484P1Yg,Euro Grill
OXYcdeo8xeLsMtd4_ygeiw,Gossage Jewelers
m0AGMmFihcA5XyUZCmOi7A,Vivint
k-5cue6J81DhOvXw30Km8A,Service King Collision Nolensville Pike
xDqifhzRrOOYMOgOtWvyWQ,Waffle House
q542fY8AV1VjiP7A7z6S_A,Cumberland Hardware
tsjs3Wm3X5otthpBjetEoA,Frank A Castellano
MoIrM5iBiHcjRjMzODXOKQ,Wink Lash Parlour
laBlOr7v6w7Sf5yxbHhAcA,Slow Hand Coffee Company
kingPUNT6SC8idmqMMrKjQ,The Handsomizer™
VaPj2Mpu0IpsUoisyTCAUg,That Awesome Taco Truck
_lwoNL74raFbuMqudxZMew,Alpha Nail
XfvJ2iEq0XmciWIJvelZZA,Cafe 29
RK-B80U7AnpF6SgPUn_ebw,VolVapor
qIdJfQppCdD0ORRWH7tpyw,Southeast Financial Credit Union
L07KZeOGlQeb06ASRKdvLw,Gypsy Apple Beauty
LFw9ptRD4_R8RXcZhZYmRA,Taqueria Mexico Tennessee
IH-QMwPIjQDIiHioXu_4iA,Contour Airlines
HTqoEYWlJkEXNEmHtKCPIA,Stitch-It Alterations
l3WdpUNsmC9SIhCmgDoeVw,Harding House Brewing Company
xV9pguTlnr6C9MZ9zCo3IA,Public Storage
-UNPalKlpI-_2ejgFNCBPg,Francesca's
8zvsq2duG2u0rB7R8ZDeMg,Crest Honda
6USj3cqHAf2HkjBNomafRA,Bowl & Roll
hmmiyt6KljD5G3a861qsKw,K & S World Market
HKbRmIZDRqeC6obLG0k_DQ,Jack in the Box
smrsmoZLlYMDZ3DDJUyWXA,Tina's Salon For Nails and Hair
ZhSFkJjDeD08F88F84fcOA,UV Nightclub
ctu_fZxCRoQKRj4kUtOitg,China Moon
BWPokhrYnWdfxdaUaM6l9Q,Nashville Symphony
DvkSkF83xDONjkNIoEPRnQ,Greko Greek Street Food
QUxFneps0qX5S8XpEUnazg,Piranha's Bar & Grill
tKxXZd00zZ24jDmJJcUYPQ,Natchez Trace Parkway
DSXdF5VHrzQx24d_QI1NTQ,Pet Community Center
VRGYwKE_Z77frm5NwLvJhw,Burger Republic
yx-YZxKBk5hmtjnhASJEZA,Studio Green Organic Salon & Spa
VkwO21JP8KBqkvgcHPMc7w,See Spot Eat: A Doggie Bakery
1udIBVPPWCAcA68fWdBOgg,Legends Gift Shop
eeoM7C1G099zj0huSqQfqQ,Mid 10 Nutrition
-951Q5if-JmCQbO40meVPw,Sam's Pizza House
1IIht_H_qWSTG-kMSvKS6A,Rock'n Dough Pizza & Brewery
aEEC4D-RylmiUyephE5t_g,"Coffee, Lunch."
gqMRM12j5mder76t3bPxJw,Siam Cafe
9OtFX3YzG5keaUMOWU1imA,Champions
MgPx8QRMPuVRSHSx6DDK0g,The Cake Project
8QnuWGVNBhzyYXGSeRdi4g,Sweet Cece's
wO0NI7NkDdbT46h-TI2BtA,Tailgate Brewery - East Nashville
TyxDzw8S02endZrrSHu_xQ,Venus Nail and Spa
3H0C_auPnU2LcoKA-gPtiA,Hawkins Field
1M2YrAhDgAYDW9i7SVF9Rg,No Ceilings Limo Service
XA-ZliTzf2s2UUZ8KcdXLg,Romanoff Renovations
OUBqB0VOqbnf4uUs_yhqYQ,Villager Condominiums
_Qq76wygutgcUER6QN1Ffw,Hugh-Baby's
CI0dY5doNl9Yt3cBlKsoRg,Preserve at Brentwood
lwdkX7KcibM4mDqpDfK7JA,Kalamatas - Green Hills
8F6OsZYrl3LbR17teMJWJQ,Sonic Drive-In
xeM-jkG2Ijyu5D6qtTKKUQ,U-Haul of Wedgewood
10rYSE_daLxtpuyoTsR-oQ,Cambria Hotel Nashville Downtown
cwf0sThfv880nJsnP02VGQ,Tusculum Lanes
lm-z6S2fJ0_xfNtHDbZYdg,Nashville Humane Association
IkLp51a_x_0CPlg0qMEqNg,PennePazze
jrTMMx95kfFN5fHziUNtpQ,Taqueria El Jaliciense
3swi9WaTqK63zsSrC9FZHA,Two Rivers Campground
Bu5sh0AVuv5qTpH7pm7wuA,Katie's Meat and Three
E58XAkHRpoMynYrpfhbsqA,The Brass Stables
OjfiWN8o_ppcxnVs925I8A,Price Tree Care
vHuk6jqufuci6hDDYlY4EA,Marble Slab Creamery
8H1MTvgLOGL6cpW4EvX63A,Fiddle & Steel Guitar Bar
n1v2hH3DLm9jen8xArI7sg,Smith Bros Car Wash
iCKF72z3fqRTF1vxdBZINQ,Village Pub & Beer Garden
YQ1B6Pi7yLw3wBALhWyWGw,Oakwood Cleaners
XdcWCEhxUtBcSyn-DiidPw,Domino's Pizza
hk4987MH7je8PtGs-acesw,East Park
g2l_SUXnpATBiRBQC1NB1A,Abay Ethiopian Restaurant
-bkOyTmcC7XxcMGNShke2A,The Spine Shop Chiropractic
ofYn84AEXvamH5O7aatZbQ,Germantown Cleaners
UpgrVehnQXLuOaiQeJFq3A,Karen Craven Acupuncture
DuPRwh_pNsp4LkbICuF3Ig,Hilton Garden Inn Nashville Vanderbilt
kPLnhyH2JtpTGQLYEOewiA,Two Goats
pwIfSb9optsBsb6taMCq8g,Dent Shop
WgtCjhibLNXN7yNXzhY7mg,Historic Travellers Rest
TaM5k_OVVTlWZY4jrOiO0w,Studio 1 Nails
25g42U7hBsDPF5RTpZ24mw,The River House
Y4TGGLDzAizyXqoc-0aLUg,American Eagle Outfitters
eOXCIubLCIVkyUX8du35tQ,Neptune Dive & Ski
dYYkzkiAQoOtRjdR0kcspw,Tennessee Brew Works
AmHKoDO88TY-re3_AKpdGw,Harris Veterinary Clinic
drTZrkbpSoJgwKETlFbc3w,Rumble Seat Music
Zx7n8mdt8OzLRXVzolXNhQ,Milk and Honey Nashville
YwmebL4vwRbzFNMCVcl2PQ,Werthan Lofts
NYlRq7hpMscBmGqde8P46g,Morgan & Morgan
2lRNoZXy3BkN3XPrdC-vlQ,Nashville Pet Products
bFW-MB_YUIXE-HZwTqvESA,Oxford Barber Shop
bYtaoey6jsSv8qBBe4LtXg,Ace Hardware Donelson
ql9pGsVnj0ZWAsHxO0myaQ,H & T's Homecooking
ypXuDmnnPxnfP8a0qLsiEg,M.L.Rose Craft Beer & Burgers - Sylvan Park
YA_1utFf5sYeW-T1AEkflA,Tennessee Flavors
6xnEDdI8dV-SBOCVNz4Esw,Supercuts
vzwsfVqFOVn6q8-g5JEJMQ,Phoenix Auto - Service Center
JhrvtLpCEQcYrZLbb6CZGw,Frist Art Museum Cafe
hYonVJe6xzVBHHT2FLo4zg,312 Pizza Company
fNgCYGy-kDu45uDAWWnKYQ,Stacks On Main by Matrix Residential
1AMdlp3799xhKsEvce9_aA,Helen’s Hot Chicken
pAVL6huhX8C9tAgaOpNPzQ,Chismes Cafe
KBbMxIj6PhSXW6ZSoNm9Hg,"The Inn at Opryland, A Gaylord Hotel"
NpIHuh0tMIZ-6EDmmwHvZA,Wendy's
3TaA1Gd-5d083jDCsT58dQ,L&L Marketplace
oQ5CPRt0R3AzFvcjNOqB1w,Edley's Bar-B-Que - 12 South
95P1mG-AyDA7rjOmttL84w,Setsun
FHJILFRvX0LYg7hzeWKBzA,Springtime Fitness
FkoKdgcEPcL2z102J6yEAg,Castrillo's Pizza of Donelson
EDjEVzmoQVHzboFqC-M6Ew,Local Taco
P5gs0DA5CFJli48QgC7nfw,Street Theatre
BOa-yqLJX0i6YZv55HQWTw,Mint Julep Experiences - Nashville
cA7BGh8cklHO3Gnxiz8wCw,Donelson Jewelry
FzNQFTC2hjh3wN7vGqwVww,Studio 154 Luxury Hotel
o0wS39AwFiV2z7NhEWMNdw,Corner Music
YgrZ8WF4sH0n2sQLTfz-lA,Visionworks Doctors of Optometry
e3UoWkjs3RuHSntfGK9R1Q,El Taco Jalisco
PkNfvutjBZr9yvYhiaB-Mg,Revo-Cleaning
94Kq5YyU6C8cwgdh4_ozjw,Johnny Cash’s Bar & BBQ
4PfDVXUiHTslBmKpp1Ckiw,Shoney's Restaurant
H94SJrxs9Fx-WYUSmxz3nA,Emmett Automotive
88CBVHYANgrKdP6Ns9ILlw,The Cafe DbyD
jC307xPWiMYDrF59K_CVTA,Judith Bright
aIflpZXlmofFGelTlqgGEQ,Inchin's Bamboo Garden
uzjR6SIeNZUxSvya4SsKKQ,Provence Bread
HPLMyOVlX3DbInKLZdLbtw,Wagon Wheel Title & Escrow
STwBckcKuYp1bB87aUhNMA,Bone Dry Roofing
oPzSiJdl9Lg1rB_7bL06qg,Four Points by Sheraton Nashville Airport
VTPkYsyl1YU1b5wK34OnQQ,Track One
jnqXJwZx9ZM_WCKUl-Y9lQ,Bedzzz Express
KC4Eo1S3AMA2qk8ULiLEkg,Bridgestone Arena
iuXbwjIhefBhj2Jq89gGKA,Aertson Midtown
nY8f2oEI2C8Owwzp6PatzQ,The Children's Hospital At TriStar Centennial
Z_7GMx9mPm2J_pd8EZ907A,La Quinta Inn by Wyndham Nashville South
urqTD_JA6CphlyU0I-AyKg,Starbucks
aYgeoRkTFboe61Q6fJcv-w,Hart Ace Hardware
1SQdqp3oEtDe4aQ1fGNJ5g,Assembly Food Hall
1-LtqWpkls_d0iJZTKOAkg,Radisson Hotel At Opryland
G_nOnJ17sTeyfco2oyG25w,Ramadan Restaurant
wzE61ThXOdrSegvwSOzf5w,Biscuit Love: Hillsboro Village
AvOOcxJJgcz7VtCazDMaLA,Pure an Organic Salon
hq4zqI-yuASRtTVN9Xg5yA,Bottled Bronze - Mobile Spray Tan
hmzx6ymJcM_kErCHCGhxxg,Burger King
R__rckv0TtxZ8-2Wynydjg,Harlow Salon
nHQIrmtOIbfHhIBkb1_FvA,Watson Electric Service
oZOnQu7PnTsvQ0AHxYq5WQ,Antiques and Garden Show of Nashville
XHSQDoykjDIV9bbC6gut7Q,The Pilates Garage
wM8fz-AMBCyx1mpaVtws6w,Phonoluxe Records
lDcfyTBVHW3A4aLjo1x42Q,Shell
vPlhhf6CcB5dzQv1sEwlvg,Planet Fitness
DOYbaX8DdHVEcxbG2Bt3Bw,KFC
Nq1NUE192ZGvGUGxQholJA,Baskin Robbins
5cpiSREZioyiHVHXJ9WRqA,Sam's Sushi Bar
uy_x3_mSkzcjod2fM1ZdRw,The Red Bicycle
e-Ve1GkV0esUdUP4B6uPWA,Grayline Trolley Tour
euu_JA0YFf63f75uaVSyng,Americano - Freestyle Tapas Bar
pvHC4jgpVJIGihm9kyntSw,TriStar Southern Hills Medical Center
rG0UTjvbmVVsh9-kGzeliQ,City Limits Bakery & Cafe
ErOuZ73gVC9TpfU6Ti9R-w,Tennessee Urgent Care Associates
xB2NmS0JG1Vgy7dK2ftcwQ,Taco Bell Cantina
63aw6torwY1dk30ETc6hpA,Quantify Fitness
gmimhqv4vrG7_LYadxFYZA,Carniceria Y Taqueria Don Juan
v_AbyvMdKUi_ac4A8nkG-A,Jason Aldean's Kitchen + Rooftop Bar
iWE3yZIfQunl1nXevPZrhA,El Camino's Taco Lounge
kdJMzQCyG9X07lEgTWWveQ,Sun Diner
UvBSMmsmtT4RABoKy2ZJeQ,Lucky Belly
RVqj00jeAxTtopbgRSbsmQ,Old Hickory Grill - Sheraton Music City
hTUHdxjGuG3OnadiqI8gVQ,Stronghold Health
FuU2rBUeztCZp8SUNtHcNA,La Cocina Dominicana
jwGGsDKKOsrLjncBtDnHtw,Aladdin's Hookah Lounge and Bar
uVg0HssgFzvRU1xd_h6V6w,Fairlane Hotel
mtefoA5oixkA19np-F9-mA,Michaels
SXUkPuEo730-KuqzJgilYA,Walmart
J3sbnmR2lgGccg8rjYPzzA,Jimmy John's
Z5ochgsEdh8O82g3lUfk0A,Sphinx Restaurant
2A35Yi7mHQu9uT61M7VQow,Los Nietos
QNI3oUqW5_EpWdSMvBumsA,Hillmeade Apartment Homes
NPXjHiSJXPWV7mvU8ut8MQ,La Esquina Pupuseria Salvadoreña
pSmOH4a3HNNpYM82J5ycLA,The Pancake Pantry
AC-AONCfwy55yZcpdoZJJQ,Signature Flight Support
WnGA31QM-srnNrXHLc81dQ,Spökhund Cleaning
CFHGvmBp8CwYOCUDjwYo2A,Pizza Hut
kqAa2CtPGA-QsZhhbzpzUQ,Blu Fig
A3rVTfss1Lsm-SIYNL8EfQ,Midas
N5ekxQd7wGHWJJK-p9qqXw,Moto Cucina + Enoteca
6p07zfmJWvytr0paqpyvbg,Layla's Honky Tonk
C5Nwl3I2luh-k5ePQ-kLmw,Parker's Paws Animal Hospital
SeoFAbfLyerBZVem-0W3dA,The Cosmetic Market
qVfqsSFDd31ulhQIZwi2iQ,Donelson Shell
VmQMsCsueQyGUpvq7aNCVw,Europa Go Karts & Golf
K-ygPLtfY0eiulW_seEhxQ,Great Clips
RD5RcZyCMMqAxAvr1JJNbQ,ClearDefense Pest Control
h5c-j0ll8cPHpa2IjCI9eA,Mary Kate Jordan - Benchmark Realty
vAoCutZiiFsaZ7i8EQromg,Old Glory
z5wvpflTRK8y0JQHc70jpA,Studio Z
qp7cJWwx5-j45fLGLYsn_Q,Pokeworks
OX-Y_c0iZTVNUSzxauiJCg,Walmart Supercenter
bIAgzGyL7edBtEZ-V_oJnA,Synergy Real Estate Group
aWPsjNDnR0K_1rwTFlGf9w,Van Heusen Factory Outlet
K3xx8NPW-xvqOd5bnGavlQ,Song David I DPM
AL3_t23te70PJpXklfw_HA,Newk's Eatery
fnIa2fX5as2xkSZRxleQTw,Anderson Design Group
YNVYwlNIdHxnlK-LpHZ8Rw,Sonobana Japanese Market
iK7jNyHffF0t3v4UwsgyPg,Corner Bar At Elliston Place
MvJ4mfWKHDXKtFVZT_o-SA,Thai Taste Restaurant
EBKLpGREqUFj-fpIB85pPw,Grounds 4 Inspiration
wCWtAobVuZ0N7XJTb1ugGA,McDonald's
f3umcbFgGLVUx1R7iz9Qnw,Riverside Village
wsA5vD-lZHHlJrxLKvEVOw,12 South Winter Warmer
5W2PhJnAdLv-1pu1BDOWPQ,LA Fitness
T5LaBH-ok6U1Pez4lwMG8Q,Kevin's Snack Shack
_UaTldka1sodVkg-pcNlZg,Pearl Diver
bY65w9Ha11LpLFB5iup9pA,Mindub
HcEOK1WiOpHvhZtp7PkRmg,Salsa
aJvxWyQIG5OLfBw3qAe8xA,Starbucks
TNyq5UxeFAi3Rs3HzbhBQQ,Music City Central
Xp7aAqHsCwYluKwEeoHmwQ,Nashville KOA
14u0W0rX1e_eTkTETrCX8w,Moe's Southwest Grill
53A7Yne_S_KizF3i-sDzgg,Fish & Co
Dlf4ibnZhK5bkiWPkWFyDQ,Karma
MOhvznYP1n1iuwtnsnEzEw,Ten For Thai Esane
srBsGpHMxuu8KSQcw7Pf8w,Church's Chicken
7uf-z_NsagSvYTf0uflasA,Float Nashville
QLVZSDi_2YDrybGT8Bx1NA,The Bedford Nashville Event Venue
h5ZnCbSrbZ3d4md8wXX3sQ,"Leslie P Dillard, DDS"
7w-nj4YD5bhO_Jq4KglUOA,United Apparel Liquidators
xly0tHDrTiLP1knVN4ZcAg,Graham Stone Brewster
LH-nw2HJNAe8NVLOx6KJNA,How To Buy A House Gal
H8n6Eu17hyp9LHUi4cVN4w,Olia Zavozina
E8aqYBuJwFs7lp1YwEc6sg,Novel Music Row Apartments by Greystar
1QyBNWdzXECfgvNVhAoXEQ,LUXE Bridal Studio
G2okUNH-Jeks8hqJvSilcw,Americano Lounge
wXmgk4I18DRFarkqHulYFg,Lombardi's Pizza
Fdxr7bzEGKvO6ogFSm7AgA,Homewood Suites Nashville Airport
-W_xAFTRKKOg5PvulS0G8A,Nashville Home Inspection
TsZEKqs0wzP3WHnPkV0Eig,Hotel Indigo Nashville
kQ93BZeJSxDqCJoZ05t6kA,Walgreens
HlSve6o5TAXbl4UDwCfcFw,Sonic Drive-In
9-dv6QwH-xHRQ4QOwNUAVQ,"David Dickerson, DDS - 21st Century Dentistry"
y9CRaDv1ZRZkSjt7ZuZ-mg,12 South Inn Suites
lKhaWh23UndZamXpRmpujw,Hantel Kitchens & Baths
f2wtfoLn1YN7WZ2fBlyj3g,Sleep Number
0msaBRr1q6IV0jGOnamlfA,Miranda Lambert's Casa Rosa
OUGxh9bxzzeQAuXuif2J6Q,The Escape Game Nashville
424klRX-Qrg3KLLnua5beA,The Players Club of Brentwood
o1bd3WLl4McflqjDTJTdHQ,Phat Bites
sU7E4mGM4xWP2h6F61LZWQ,The Overton Brentwood
iy1SG8qVkGhftxj_AP1Ngg,NoBaked Cookie Dough
MFvlh7HRqKdgmGOGpz9tPg,Green Hills Seamstress
mu2yd4Z5n5NLCaLC_KlqLQ,Taqueria Azteca
oLOgtyLAIF-bXrBu3BP2FA,Nashville Brain Institute
WKSIko2oR5_g_wQPRIPUhw,Tiger Train
3UNVLnSl5TixH1vaddpiTQ,Tony’s Mexican Restaurant
-MnKKFnVjphA-yUzIMv0ew,Mazfresco Market
UjxQP7wWh8P3mblDM4lrTg,Auntie Anne's Pretzels
8GUUtXFi9dzzidcLwO4qDg,G Catering
iTEqQMrPa88swEV-ZR85XA,Hoang Tofu
720J1v3TX-J95cdTJbCpKA,Ninki
pk8IoW5YmNF3PjR6EOObCA,Spell's Dancewear
aoxm_O5tpaz4EzDvrvSTYQ,"Don J Fenn, OD"
95gHiZ2NPLZdQQl8Y4H97g,Crumbl Cookies - Hillsboro Village
cdPjDZubPvok0VHv654Tvw,Subway Restaurants
TGuMpvsCKuAcGER8cGXhWg,Radiology Alliance
MnCRxcyzfKzmRyXPDuix2Q,Hatter's Cross
jOOOrH5n2ijnsZKxzPSAiw,Chick-fil-A
CxQ5GonUhGjgfX8REEFjdw,Yogi's Pizzeria
w520vYWEpEYBf90rSr9NVA,The Smiling Elephant
Yv6HUVu7fRMnt_NtGdVQBw,Las Palmas Mexican Restaurant
uWx2mJNTMcSlnU1YDrU9Og,Waterford Place by Equity Residential
0fZU3E-5n9HNPGRJL5wD3A,Bar Twenty3
Ykjxo6uK6V-ttxy1pORi6g,Williams-Sonoma
Fyq1PaNgtttJ3beg4LFkVA,Seven Oaks Park
rfEKmEpUeBW8Bfuj0Ul_pg,Jacob The Electrician
CcwoFjTVpQ72QPsUYvxtyA,Vogue Nails of Sugar Valley
3XoqdiwUGX81F3rsRNkNbA,Char Restaurant
Sw7xQBpecP3HnN9CONGB_g,Gulch Dental Studio
0Aov4WvC_3NErO5JtmoJtw,District Coffee
0daFu9wzWGQvW2lmnxgYZA,NeighborMD Urgent Care
MwJEcWn-PSCDjpm7Z0bUnQ,1501 Linden Manor Bed & Breakfast
bL6R__SvuNegijmWVWcAsw,Nashville Crystal Store East
GaLBEB3ZMr2GwOjFoIbkig,Scarlett Begonia
0CfQRgCqG6_NAPKqfK29Ww,Genesis Weight and Age Management
TfcpJBiFNnDaochnmp4M2Q,The Garden Brunch Cafe
WK_erizkL-gVwC5_ZgR5mw,Bellevue MediSpa
L4ty0PUZ8AuLcoVdVLEOvw,Brow Art 23
7BiIK58dZNSICPN4n4qWmw,Tenno Japanese Restaurant
zqijEVwq-ldiuCxnLTIFJQ,BarreAmped Nashville Music Row
soGLEIcXxTmg7vZ-1C58SQ,Peabody Corner Marketplace
6TO9SC0zRedOaVR01l3t9A,Trumps Salon & Spa
Up0a_4ZYoU5tTN6HXq59Lw,Jonny's Sports Bar
ybKS2qB9MIST0Hl_7ZEDkQ,Speckled Hen
2bKliGwbKrEyXNf61vPxmw,Copa Cabana
eGP0ITsTerqrwvty4w37MA,Harpeth Hills Animal Hospital
wLHodvVFLTgK3nl2XG8OCw,Mangia Nashville
riBECtbfYcUzDB26Z2pUtw,Giovanni Ristorante West
fBkcjtsVSF7Pvga2GA9BsA,Barry's Nashville
Vvx02vD9hAqSgqVaDts7nA,Cabaret Royale
NT5S6JV5wPwKOd3s3Yh1zQ,Burger Up
FkHeu1biVbT_JKs3QuftwQ,Studio Novo Nashville
js3C2umns9WtGBIBrQKzyQ,Element Nashville Airport
ajB5I9YGbZ16p8nH5rTQpg,"Kent E White, DDS -Center For Advanced Dentistry"
LjcjetBd1gKI_VNfM6ZA_w,George Street Photo & Video
7fETFidBtAZuWKanTfa02w,GuestHouse Inn & Suites Music Valley
glsdGleTsyVamQZvYkf5Dg,U-Haul Moving & Storage of Hillwood Plaza
Q7nKVWp3qOZFMJKrojxu1w,Castle Dental & Orthodontics
zS2T7gQNhfUDBi2Y2_fbWw,Shoneys
4rqBI95wQccZgNRZnx3hcA,Mike Post - Post & Company Real Estate
iI090K0JMViyPPh7Viovrg,Germantown Pub
vcAHsailT7pS8Macwgvasg,Old Made Good
dhIyv1RgNYaNsn9Q7LkxhA,Mimi's Ice Cream & Coffee Shoppe
tDZbh9a6gGcHEBpIrSkfmw,Strikeout Wingz
RdwDvJQBFZIoLexSu--OHw,Jet's Pizza
PbWCY1cPn6p_CbUdV9xm4A,Kmart
GJMoa63-bs_idahkMl0M6A,The Hideout Salon and Lounge
Q-0gR-4HFCqSSz9LMnmsvA,Chonburi Muay Thai
EmlXtD3t7EZm4fqK_lcoNw,Rite Aid
ANlbf_SeMSelHMZE2RPcmQ,Irene's Spa & Wellness
sm7gu4VNyHjDi-7ufqOBnA,12 South Yoga
nD-cMgRg5gekeB9qbuEkeA,Omaha Steakhouse
s9tbO_-dZ8EqfL5EguAAbQ,Chick-fil-A
BrfLyVDLDuWXwqFlo8KORg,Move On
z1S7Z1AdvOYXNFAQ9Bx9NQ,Alterra
eicieD8Svmz5xFw63gzGpw,Community Quick Care of Nashville
_-I0u6nMuozM3zjC2uJuYg,Nü Mobile Auto Detailing
XO7cJTDzCkdYyZf_A28ylw,Quick & Clean Oven Detox and Treatment
y4-3HqgXS1llkZiqc-amFg,Econo Lodge
xhSnRth6oMg9KhLZojVkww,Bea Rose Salon
lPmD3rNV3Iv-kMjxTGc-Hg,Trapped Escape Game Nashville
MNhsziJ1nnz4DhFSsE_4ZQ,The Rolling Feast
ZgHvWJL9hRC7N4OtQ3VQog,Roundtree Apartments
sWAd8Kt87n86IeNC6BmTqA,Pet Wants Nashville South
HIP3cUb0T8-0W8ZNmcMUvw,Sprinkles Cupcakes
Ghcd0DB8GKbpGb5ZS_4SsA,Ghertner & Company
I-nd4rixEsqUQssiszX67g,Osborne's Bi-Rite
2Zhkl-UenNSc7XkdeG112g,Famous Famiglia
soFyg4gZqg0YzrDCLk6Jxw,La Michoacan
3OUZW_Nm7AwfQlEckmXTgg,The Art of Body Singing With Breck Alan
8fV6orH4Oewan1BAAtCQyg,Harpeth Valley Animal Hospital PC
Sh5x88Ty9NGgMvLoIKxAiQ,Ole Red
2hzXcWn8bOpzGTI4BfnMYw,Sweetwaters Coffee & Tea
ApEu7NbP1oyZfQRfejyhBQ,"Nanny in the City, LLC"
T6ZkThYOGO4IMzIOZ6ZEnw,Bank of America Financial Center
zDnxrHSH6nhpX2j67wJiUA,British Bee Tea
sLMP6nNzfU1qIr9G5a1Wjg,Expert Spine Care
K3zSIfOUtYRrcch-bIS87w,Buy Floors Direct
CD6gli-SayloGk6egVVgVA,Plaid Rabbit
Rl7WhhpFsOow03J5usJW6Q,Nashville Pet Crematory
7Diay8IQXxvUfSa9TwR34g,Erbil Kabob
Af2ghfFm8jkDTmgCVZPytQ,Myers Flooring
sd8ni1PmImBBDJElVwrmVA,Dollar General Store
_rLAo3IiokiOV2WB_-DyWQ,The Pharmacy Burger
xna8Cr7PW5r0ybnXonidkA,Xfinity Store by Comcast
Dg6s7hVdPr4pFBjIF5SUGA,Studio 21 Salon & Spa
RWY-NtTfOdphkgcS9RL5ZQ,Gyros & Kebab
a4evdvKQ8i4k6GbFTsdcPQ,MCH - Nashville
LGSVf1kysX74_JoqrrpFyg,Kroger
jKH3YbK1pwdaYvnpm0G4zg,Service King Collision Southeast Nashville
VHYNVgSHj2I71oQD-2kPwg,Caroline House Nashville Historic Inn
4oh1vo3mQwhJ7lC3gtw73w,Strike & Spare Family Fun Center - Nashville
OSJa6izy5goDryoSrXGF5Q,Redwall Photo
tZeV5wOX_J1ycbWdPx5i3w,A E S Auto Electrical Services
Q5PLKRgua5U7D8C5ub5ZfQ,Southern Thrift Store
6VsOcLvDttT2BsCttVHoUw,Music City Dental
lxCZPleW-CZ4_fJaNQMUCQ,Bamboo Bistro
Dp_yOU1VrnWDtntp2Kq1Kw,Jane’s Hideaway
RyIfYlK_Hoa4JeMOMFhZJQ,White Castle
yE1raqkLX7OZsjmX3qKIKg,Butcher & Bee
5fZ4EzZ6iE2ajnvcrUjVDQ,Hillsboro Village Auto Service
NBEZ3ceH89F24SAUW34FoQ,Comfy Nails Zone
47QzCCYoE5iOgJJW-d1WGQ,14TENN
U-IK4i1Qsf8Qbn8Yg6pZEg,AutoTech Import Car Repairs
e90P2r1Vx_f1i9YqKOFWvw,The Filling Station East
cdt-MOtMnCRKBeUbryqWcw,Advance Auto Parts
eBcOmqHyd0kSzZCg0z-HVA,La San Marqueña Restaurant
nzU_1rXm6nTC4JDLKL-T9w,Wine on the River
QojmHeHv-H_AvXCiM5uhVA,United Cab Company
6Ua4Pu_2bXuxpaxDyUA_BQ,Canvas Lounge
qX9CojIiTtfHKG4P_4TyVg,Moxy Nashville Vanderbilt Area
1JfWs9Dc2HVQcjPjzBQIiQ,The General Insurance
EERwPZdemE21aIwYsadjTg,Mirko Pasta
NDIWKrKmWC7aSBVQY1DkZw,TriStar Skyline Medical Center
g39E0c1ZVlCZQ775e-cnCQ,Planet Cowboy
uG458pv0UEk3wvXv3ZCLKg,Hickory View Apartments
f_u3Hao7u32i2ZdSzMcuUw,Sliced Deli
AUzVAJpsqxCpUz7ktn8QWQ,Cafe Coco
rKRNzDQk1WsP30wVu1H0FQ,Elotes Nayarit Y Taqueria
4xcsIgbYhG54418KkAVWow,The Kind Cake
8PsVdtJZj9Ynmc-gjMnRDw,T.A. Kaiser Heating & Air Nashville
QMHhFEI3GKn6u1e99PUO7w,Nashville Airsoft
qotNDBbpZkoCabgEGfzvoQ,Hope Clinic For Women
p8WP-_Pn98XcozjqPbQiaA,Xtra-Kleen
z54RU7tSWfge1Kbat5lJZw,Harpeth Valley Golf Center
1-x-zB3aL-ZPskuDRr8Zfg,Juice Bar - Hillsboro Village
-ikBycdroyTLDBHR9aC3HA,Sukho Thai
oDaamK_x-XhTOieP-qVvnw,Mi Favorita Supermercado
kjhIbW8NKRvXmLDwz7lzhw,Margaritaville - Nashville
vm1KUxRlUUrn0zw24O0x1Q,The Erin Krueger Team at Compass
RxuTWAWF6gXribtmpb7Fqw,La Villa Mexican Grill & Seafood
YeMouev-sLfAxykmcANNoQ,Bellagio Pizza & Subs
1wp5t7VQsRSj2qcVDPjzWw,Music City Optical
EfJ-1C8PH9TpGTskFqUvhQ,William Collier's
lkC8Y4BVss1kk_qIzUunQQ,Gardens of Babylon Landscapes
d6nR5JXQTx105DrEt_ZixQ,J Gumbo's
RpwjS10rMY8dA1_V-r_6tQ,"Joe B Sullivan & Sons Plumbing Co., Inc"
Krn-FLl4Y8F0k7xmuf1LDQ,American Child Care
QuZedyMTfhVwAYONCvtCVg,Subway
5MIiTuQP0fkAz43aQEBrWA,Rodney Mitchell Salon
ZwfEKmmIktIhHmBwF1SuHg,Thorntons
CkxfUzD10QVOsdWQDucJ6w,hatWRKS
MYVWCT18urcDDPl7nJ5cFg,McDonald's
shi2MHna5oLRSU_rLDJN6A,Walmart Supercenter
ymE6ka6y6J-z2y2rX8QH3Q,Capriotti's Sandwich Shop
1Qy-lUPKqHxOV7eukTiaOw,Central BBQ
2Nzkh0ZMrn-p2JjVhmPXwQ,White Dresses
tc-jxeGNjIo4DsYW0wj5Dw,Fat Mo's
cMBBEj2kbAnndru5Xndg1g,Tuma Pizza
P-yz_4AbT6VeLBXUe5B-Uw,Chopper
4J8m_VNC-nF9VzYoqB4yfw,Kmart
8MzrfxhBoNYm9DaPZcaNBA,Wesley Financial Group
mnb466bWdbXVz5Oa3XnFsA,Various Artists Brewing
u-w0dEUZAUF3JyGS_-KiTQ,Black 13 Tattoo Parlor
N0IleW0j5d_jYP0v2nVMXg,The Hot Spot
QHiaiFIUC5_txLQXSb0ZLg,Church Street Post Office
ahcB5_-ZcrtHT1QqcA8Ipg,Rush Bowls
37BpNvlEAT6WVGsksrHbBQ,Batter'd & Fried Boston Seafood House
T6NKDCxYp8cHZSCs2ogAzw,Main Street Tires & Services
rxA_8iDMDZk50p6gJNeXqQ,Laovin It
uPYKnpd8QARfd-njhHWxbg,Woodlawn-Roesch-Patton Funeral Home & Memorial Park
z93XuM3i7kEPmdowLQMKBA,Fifth + Broadway
cvHY1RTAPSoH94ysP2_eyQ,The Turnip Truck Urban Fare
2648Hr6mAvwVEDmxV-NJ7A,"Thomas Nabors, DDS"
CmaMxRtf0NJxOR5r0Pw_mQ,B & C Market BBQ
H6U5WreDWXMmrkWQNrvO4g,Dogs and Kat:  Dog Training & Behavior Counseling
R1u7FrIllyD8OAWcFxzQGA,Belle Meade Wine & Spirits
_owHO6DTYU-XVP8jAcgZFw,Sam's Sports Bar and Grill
C1D2o1VV2TDjpkG3BsdseA,San Antonio Taco Co
FCkOgWASImzXISrhwDHFNg,Alterations by Semra
MtmAqTyUiAJ0kIoJB-T1Jw,McDuffee Tire
Y-E7U7xo3S6NBuMM2f5tuQ,A.B. Collier Wrecker Service
pJv2Xu4yfFeUBiAGY95Feg,Wow Bao
xB3MxRBF6l8rd9xxJVnLhw,Hattie B’s Hot Chicken - Lower Broadway
STEG37SqBC3PkwY4wgSoPg,Taylor Home Solutions
1165tVWCcxFvYoHT1-I2mw,Prime 108
65S1_pUre8OLfBT42L7L8g,Parnassus Books
YOkrUUey0K8Zy_FWp9gB9g,Asahi Japanese Sushi
9A1ve-8MfJcUcOGQYCLlKA,Umami
jjSnznylt1RYt6-GNwo6KA,TJ Shoe Repair
tYs0txjzc5gN6CtIBi206w,Menages Club
DG--xbwwsrmcg3phKsaA5g,The East Room
nohJqY1rHip5gXrVGOMlIA,Yolan
6b37vAUH8pgqWfmXjlUqUA,The Home Depot
R4G2VLu50ozjC3HeWQtI5Q,MHC Kenworth - Nashville
Bt1kg3Whr5EG6nsp1oC4Pw,Radish Kitchen
7xj1jX6Rg7VnuwnJPm_7tA,Concentra Medical Centers
yFrOuce72KhvW0LpU5FY6A,Earnest Bar & Hideaway
ltBBYdNzkeKdCNPDAsxwAA,Tavern
y0eQnF7e8b1d-1S7a6QtxQ,Women's Medical Associates Of Nashville
999BA3SLLoev5YU_dMpvnA,Slim & Husky's Pizza Beeria
D87XUilaI0oKbpS7On78ag,Nashville Apartment Locators
nYuwfmjaYdeJgZU_Q_ugaA,Bangkokville Thai Cuisine
54uh_sLGSRv_XgCz7jkH-g,Doll's Family Cafe
syg688pMerg0bTXcQThkaA,City Used Tires
7Qd7oc3g6Gj0MX03n1I6Og,Suzie Kerr Wright
9u2jPq16W7yf_4mQiAhSyQ,Popeyes Louisiana Kitchen
ZkYTvqvBSSlFFAoPAz_rrw,Moonshine Nettie
AoD-mv6uoh2CpGDxvDEe2g,"Outfitter Satellite, Inc"
SCxoTK6z0LpPkGz2Iy3Ccg,Mister T's Patio Furniture
Naoardc5SbvUfsELh-I4tA,Angel Maids
aDSfrxqOf8lelQ9Ofqt1tA,Harpeth Coffee
OSV4mS8wLuRAu5d1nkmaQA,Kettner Coffee Supply
Wd3jROJyW_M42lHoCtWt2g,Land Uniforms & Religious Vestments
eWzMF5AFIAiyixTWor9uOw,12th & Porter
_SNhekla0yZdPJHZdCpFrA,Nashville Pet Salon
EkKoVqC1AicAec08uk9yzQ,Best Used Tires
ZWRgvtyHRobwpi4G-Z4STQ,Castrillo's Pizza of Inglewood
uTq9qVkOuxjBPjqC7K0XYA,Crumb de la Crumb
pJKWaB_B0maoMD0N4hqeaA,Fame-Us Caribbean Soul Food Cafe
3yqN_naC1GZ-61Vldg369g,Poke Nash
CNW9zFn1nwVDOMvpEK1tbQ,Pyramids Café
lodmhHOOjjMh0tpUGI2bsQ,Northwest Family YMCA
vDMqHaIQfbiRtLIY2wWSGQ,Gaw Properties
E_7rpLYo6uvByCi1ji16Mw,Alley Pub
tvbFcYCEQWc76CUK-nBw8w,Seoul Garden
KFGf7-2Q2fzdp5ysdl0qXg,The Pharmacy Wurst
E2n38bKRsL3rYZ3YP2mh3g,Boardroom Salon For Men - West End
XFWuEv2FMcO5Ifco0tq6Ew,The Harding House
63vCK62HJXpGi8aG0wr58w,Starbucks
Gi4ex2Tq7ggRlpN0S7k5Xg,Jeni's Splendid Ice Creams
sIXYKC1FBcknBMHGIu-Hcw,Sub Depot
5QsipB9-N4RMj94c-CvwUw,Blvd Nashville
HzGjDFBqAQbvV_tJsvUg6w,The Lakes Bellevue
ProvWPskpyrPOryqVT64Gg,Greek Cafe Grill
2Vv5mdVhq0UIRmNrEDJ3wQ,Camel Express Car Wash
XTlcHkqFDet3K-PYodZcuw,Abbott West Self Storage
Psjysm34UtvqavJda3SsNQ,Life Dry Cleaners
12O9klMLB5u51EudyWOGJw,Hyatt House Nashville at Vanderbilt
WwxsLX2Z-SUwiTUs8rsOKg,Walden
_WApK8fcto87CcaU7WbiUw,Burger King
BG6bjoZSXrpHouyx9z5wdg,Books At Cummins Station
3vOjNdqb4QRUlwdQA0Mtdg,Music City Candy
nvNphpmV5egeCOvjKdAgcw,Belle Meade Animal Hospital
fp390SWNDPFvgch_lnCCsQ,Pep Boys
r63rFmywD8j_XdXibn4-Bg,El Sombrero
N7gSystNaNjoH-qzIA3CgA,Loden Vision Centers - Nashville Office
ZAMN77nIIsV3IyMaUEb6vw,Nashville Electric Service
DowmyMXo2rL0lnpX865I3g,Green Cleaners
xrl1SznEc8B1ePUdsoXGMA,Jón Alan Salon
hqqBYeQQ_c2FMvgGKrr59A,Cock of the Walk
82h9KI5-vC-6bd2mAM9Ohw,EverClean Carpet Cleaning
y6qWR_WTe1OQd3DcnFepqg,Cheekwood Animal Hospital
8crJAfMgFRYwglnPquLZQA,Jojo's Cuban Cuisine
Ns8vJxhsc5ygiX7Vff1bDQ,Rippy's Bar & Grill
1RedKPBig4dbU9ccpk7T9w,The Cobra
DXDoeVULsKLb7LLyAfvuVg,Moxy Nashville Downtown
IhrTLL6az3q192ik4P05IQ,The Chef and I
tgxWBh4yjXRaVp-yTMIKiQ,Rudy Title & Escrow - Hillsboro
hpmfbe4fGapND5pzI-99tg,XPO Logistics
ydfYGGjIZ-WaXC5Z0kzOXg,Subway
tGvYdLzCvjZyMM9SttMj3Q,Mccormick Animal Clinic
1-9a6yQbIJLs3-xDiJNqzg,Crosstown
nsnehrg4TxUbO-6XrcZNFA,RocknRoll Sushi
_yQknBb12RLQA1FhZsJPSA,AMOT Eatery- A Matter of Taste
ZdcGVtfeUvXs9KyZoNXqYA,Elevated Smoke and Vape Shop | CBD Delta 8 Hemp Dispensary
1-ZiA9x4Mhpt5qHMPs5vxw,Little Caesars
BTfPgqSaybUPhDEZRmmPyQ,Payless Car Rental
9JCiIF3zhY9f6OpCzYN0dA,Best Western Plus Music Row
x6ViY41KyxWCf-0NXbDeGA,Smoothie King
Awgu2qjOq17hIcHMMdYxCg,Steak Plus Pizza
vLzNvHifIWgPCqDqv98C2Q,Corky’s Ribs & BBQ
pX2ceeptKvlMuheSeGnLEA,NuPower Yoga+Barre
a7XBfJd0aEo-UpPXetH2JA,Taqueria El Gym
1fuOT8Q1c4jZ1ywNAGPq5w,Bill Martin's Food Store
BEMQ2JBIO96Pj-YPcPqQzQ,Electronic Express
NhdOYwSgspPUVcYakaN3XQ,Bone's Fish & More
p2aM5-R5Lz1CkXHfpYBeOQ,Imagine Design Team
LOI-Sf8ZB_3gG_g5uzFJ7Q,Hughes & Coleman Injury Lawyers
yDz7HBCxv8Z8UsMW9Kryng,Green's Mobile Detailing
QG_CEG2_kb-0af1O0HiADg,Honest Coffee Roasters
DzjRIUd9lXIDpjWIWzgLCw,Sport Clips Haircuts of Nashville - Bellevue
cs5UpRQclzIbg3N7uxIwAA,Nashville Tail Blazers
2sVvjKvIV8qDlliwNEFt2w,White's Mercantile - Nashville
qxOPUvyGEpt3_Wr6WqkTOw,Veterinary Ophthalmology Services
Nxge7mf3DSSllB3DZzEGtQ,Donelson-Hermitage Family YMCA
hqzObWUta09EEw4fyOGe3A,Porter House Bistro
J30QB4OFo8wM7heQoNdOkQ,Off Broadway Shoes
HmZBBRtThiOF2xjAMNGKNQ,Foriest Tree Care
wRv37fM7obkRup0bu7KrUw,Nashville Airport Inn & Suites
8TV7oZDJu-CgT71h5boLHA,Davidson County Election Commission
YC-fx9pamdQgTtZNEZ2eJg,Ferg's Amp Shop
XEUMXjjlNSH3rcJwaV9Dtg,Warner Parks
-XXLRkZFz4DFGCyqTVIPqA,Samurai Sushi East
c3Z0Hm-N2FCwpfLtVVzyLg,Manna
KnsY8rh5tigp5t6WpilGdA,Whole Foods Market - Nashville
5wo7nNHOvfzt2c-PG0BUKQ,Subway
ZvBoE7N_j25F6UfM6eYmzA,Clark & Company
8xcWmiwVCLKT5opCuQV2Qg,Oscar's Taco Shop
lpsR89F2Hv6-odsv7f7EqQ,Hickory Plaza Veterinary Clinic
xnbKALy2uCD89laOFGksHw,A-1 Appliance
RA4MK-QyDxezQzYgliHHCg,Elixr Coffee
u_VYsTWErgTbjAO_SvXrpg,F45 Training East Nashville
nPDKoiH_OiHrv4clG55r9A,Scottish Inns
M2OO2VkjKq9Cv70zrCfc2Q,Exhale Massage and Wellness
dBNfyR0RRX-w1SMuYYF3-A,The Jam Coffee House
pAAPl2xMDmF1wep3QBlv9w,Nashville 4D Baby
upVwJORmpSKTZAlzWD5FxA,Kali Yuga Yoga
C5lUI7qJ8NnmawAFVPZg8A,China Dragon
GOcyHHKE1kBMW9x1-6OwRg,Houston Station
gwFtKdjtK8Pw_6mUsWvRHw,The Dog Spot - East Nashville
iTossVcZjTh6ot2erKRN9g,Smoothie King
SD3NVGGI_qBk0YDyk8mf0w,Sun & Fork
HCHHrf21UAgbxAi8T4Q4Iw,White Duck Taco Shop
KCS3qEj3z9RTrWczffBKsQ,Davis Moving Company
DN_aM5zIdU4e-m-B9tewvQ,Sam Kabob Gyro
TDfCew_swUKo4zXJ0lb9OQ,Franklin Juice
a3_Eci6wmiSkWtP0CjRQvA,Captain D's
LkmZrjwcGc2H-FnZlOD8Tw,DT's Used Appliances
5HbKMrzu7W68vrMxgAdIwA,Village Bakery and Provisions
HfUHovtSl2Mf6qj74J11-w,Vittles Of Donelson
SQwOKA5Rdi6P-r6YvhJUMg,Green Hills Farmers Market
bvlFmfqEbK_PqOSxbTkTxA,Greenway Home Services
efGqAYPCCxPvHPX3dCM8bQ,Tennessee Performing Arts Center
ct-moUWiNkO9a8wjge2CkQ,Uptown Fruit Market 
q42FclO2HOE8x5qavLdeFw,Tickled Pink Consignment
vbzn9jiw5DCbHdzT_jPWSA,Pita House
MAZc7V_9RsMPqDq-OI2Jyg,Alexis Inn and Suites Nashville Airport
oU2dCy6Vag6HuF_SpsseZg,Birrieria Y Taqueria Arandas
HP03UxUpfwic04tBuqsqPw,Royal Thai Restaurant
h3MIdoJFAbmkQaUdqoCTtg,Joe's Place
d_dFD_shmPpDhY4wMfEIRQ,The Old School Nashville
Khv2xprJmMO69kjhr6g5Eg,Bobbie's Dairy Dip
PtvZwDA_7YMrLWR_P6CAqA,H-Cue's Upstairs Poolroom
AkNuIbco7mdsuOWLPyZXCg,Blue Coast Burrito
fynpx-ww2LW-ikYaUfaaRQ,Water Systems
X2LoJxQgssbr0Y9FYLTuRQ,Nashville Downtown Hostel
a9y02F_ROdaUNUYt-Mxiug,Lipscomb University
4_EKZPuJlYj4fNhO7QYyug,Grace Loves Lace
Hz9w7Hq0lfM7NbaDoN2EnA,Savant Vintage
ZS09KMGEQ-O2lcwMmJHzUw,The Fabric House
759tBueAzhxR1v-4dU0OxA,HiFi Cookies
B3arlY4y6CSxHVcaCmLrYg,Extended Stay America - Nashville - Vanderbilt
qIiEneOXVrXT45TXMDmsuQ,Sation Nails
j9ycSVx7L6axOafS-l725Q,Sport Clips Haircuts of Nashville West
APD2VSVODMPpmO1_y-dt3Q,Captain D's
jf2eOxyT1tlA1lyqKavPXA,Calacas Mexican Cuisine
pVfazuriRESVBqzrGmOohw,Nashville Limited
Uel0zAxvuSu1-jHwicQjFg,Wags & Whiskers
LmRyuir7orBNN43fyp8buQ,Soulshine Pizza Factory
maOMGu_2dSHKydBgZdTsvQ,Wildhorse Saloon
qyab_ktoXVz7jGTCn82JWA,U-Pack Moving
GkxKDPov7Af568ENp4leaQ,Nashville Health Pro
x6_KGlWRhjJvswl5y9PJsQ,Haven Hair Co.
U4NdlSlvOsUDEdqLAr6Vfw,East Nashville Plumbing
d57shr5gTl4Nyo7GIWr4bA,Residence Inn by Marriott Nashville Downtown/Convention Center
hbWoHsOTiuBuxXKutNtcrQ,Fife Studios
b_jg4hexYmhJoo8c4P6MoA,El Metate Auténtico Mexicán Restaurant
vUjyEP3PCcyrNAsLHCHrUg,Heads Up Hair Salon
7B0E1KcjuVBmHHrNyMrKwQ,Gordon JCC
0ByzGehS0T5muzZ2qYGq_Q,Ghot Wingz
alwpfhvEkiNuwxNa29O7og,Phillips-Robinson Funeral Home
gNZC4qA7eMLQpUMeCYPAoA,Frist Art Museum
FtY4uxKAXcZDDFUhfOp-lA,Levant Mediterranean Restaurant & Cafe
8x7oJzbcOndkG7Mlo96eXA,Black Rabbit
e4S4IjVt9fxnArhX6cyAHA,The Eastern Peak - North Gulch
uEs_RuMTIVRMc-tAaXqk-A,Mama Doughs Take N Bake Pizza
x6oj723phubu9vb7Xq6KhQ,Thunderbird
meah5bJYnP24TH6b-8r_Eg,Peachtree Grill
eN1NbRBlOt2gem0fhOjIPQ,Actual Food Nashville
CoiSfZwEN0KZwZas6846tQ,Olive and Sinclair Chocolate
N7MyXRAC47vldNJQZyWDtw,Koto Sushi Bar
U73Y7KP-0yjmyw1x0vzxQw,The Impeccable Pig
oozMN_Gb7i-7MOrH74VQfQ,The State Room
9N-VuWIyXdpLtbKmbCNVwg,Vui's Kitchen
_VQbvECVHdC6Q_ug4K5bDg,Pride and Glory
PVX4IxrJ0fscuSumHnr3zA,Urban Outfitters
UV8DcsOaluYXNb4gzLo-TQ,Regal Nails Salon and Spa - Nashville
2709SJIFgW-8kS54Pnvc9g,eDESIa
F6ZKwJLB4IW-trMiNoMQ0Q,Kay Jewelers
LrN81tx6Rl4JqKbkK_Pa1Q,One Eleven
vD3V58GNoC6_8x2y-sfjwg,Best Day Massage
i5eg34M2Ee50rgjFgdfPOQ,Vivid Aerial R/C
zfsteieoV3_R6ZbIm6XYUA,Blue Coast Burrito
rVT63ENrSAsx3Nwk3ofMbg,Supreme Kreme
7tE9fLBPwXvoxkykGJPbEw,Noodles & Company
uHfHKZj_RsNwP03ar_vwQg,NashHouse Southern Spoon and Saloon
OHcQ2h1mAwTrVCaTtNwiIA,Rhino Booksellers
8Z8s_HNIKnxnzr4ErpJ7Yw,Doc Holliday's Saloon
QSn_5UAMTErtS8HpevjHfw,Ooh Wee Bar-B-Q
nGhSGqhYkEnFOl_4LvqIIA,El Stuffed Pepper
_e3lwtGV3yqA60jX-lb_og,Care Now Urgent Care - East Nashville
BORjnZazwS256n6gul95qg,Lather Nashville
y9jdCa6CGN7UfJXMGgVhsA,Imagine Recordings
gOLcG-FlUYYlr-_MrgnEpA,Green Hills Grille
nCwyBkZFkVPJu6zGK64IDg,Bill's Hot Chicken
YPCLEZpFyZa-3fw3-bz4Sg,Berry Hill Animal Hospital
bikZrZ1GJSDUnp0KPwc6qg,Pandora
2SgeT51LXvKKHO0U3DHj2w,Retropolitan
YjK2fJPXKNo2KPbfJkwEXA,El Cabrito
9exA9hIuto_XVphDgugwuQ,Murfreesboro Rd Liquor
QjFwHylP1HSPKr19uaWNcA,Street Gypsy Salon
TplFWsl1xV9PYU38N7_ZDQ,Pop-To-Go
v49QCD-ud_UGovmKyVduqg,Fierce Salon & Spa
HKzq119HFOSuubKpZIeMFQ,Vanderbilt Recreation and Wellness Center
O5LnTroDDouDbjdjufXJsg,El Agavero
2zjseC9NBpbUYZ5wxWQ9xA,Compass Cellular Healing
O23oFs2tqUJ1QX226D-TTw,Studio FX Salon
G5EiTYvAPMlFyFRBzP7TxQ,Target
JylY3rZLykfU_YklbRk9TA,Shubha
vw5C1FO1aD4nc5Jvb1n-Qg,TailGate Brewery Music Row
Y4mfBM_xccFkUhoeOE0D3Q,Nashville Crossroads
2_8WWNh317OiITHTgFLr3A,Suntrust
j4UO55f979mmMfZbeDtygA,Pizza Hut
mkSTmWp73G5jmmSOQUuLdg,Details Nashville
z6CBsYxnKiApP7aYIjoDTg,Salon Revel
ueESElmfdweQN4IpxsuIdg,Beautiful eyebrows threading spa
uEe6LCrh8vcPY9-T-CGvGQ,Bolton's Spicy Chicken & Fish
cSjeRwkVvBtrcYF5VDgrog,US Border Cantina
L1xZv9TeAoiPf-6wkPDNYg,Eleven North by RAM Partners
cr1BA7byDDj_fkiP7rtNjA,China King
0vM5zstXuTfjPDxgsoWzyg,Haunted Hell Nashville
blpGf7hdTDFjdL7z3bvgtQ,Tim Friday - Magician
UesAtrCdqntO6MvejjGDCg,Panini Bread Cafe
mGPBv7-zGpGGIChYVhHwtQ,The Sportsgrille
_d34cqarF3WWEP7m3EUp-g,The Continental
hAJRNzNudWuUTOUwXurovg,Germantown Depot
qZd_pMnCdW1cmtq_jOzoYA,Parking Management Corporation
dDnUfl-hjvhOUsiLh4g9iQ,Patsy Cline Museum
XJ68pvsPUTMpDEW0PXIyvg,Jay's Chicago
-iNUuAUa9EnuZyGdsFP9-g,FedEx Office Print & Ship Center
6kvqc8EQ402tNnYz2V9yDw,Sugar Creek Carriages
d5RxPTwGBc6cseqOoQVedw,LUCEO Skin + Beauty
qvhz-oTyKjpFsYUBy0Uz0Q,Cascades American Cafe
qZa7ClLmG89oI09E6QUnyQ,J & J's Market & Cafe
3c4oJjJjtkfsYTTNWDOndw,Gucci
cEKun5y3coNPr9BP_Q9OlA,007 Stress Therapy
5_NbrintIp0wvLzJUQyX_A,"Beck W Barry, DDS, MD"
841xWZNO5NcSCltjGEtW1w,Ruby Ann's
qP7QAalg2Fzi5O1W2_7E2w,Music City Roofers
cTVvGhP3dlKRJMRkey_vhw,Belmont University
B5IVqmGFRHo7Jhn16mvn_Q,6th Man Movers
NeFqfOSvIdye13QGhDQ_Hw,Chicago Style Gyros
GOYnaGqdeI8nzg5EnPOd4w,G'z Bbq
7i0SlK6v9i5c_zo5Amr_Mg,Japanese Foods
4ASSH2vXJ8nsTGWylKk3RA,United Apparel Liquidators
0K7Lpit-oVzLcy2vr8yAKA,Anthony Jewelers
FOJz0RYtQezS8kXvOJ0WmA,Big Lots
t6pVe3z2Jrph0XTmHV81Tw,Mona Lisa's Massage & Wellness
syWnBBs6EN2w1Hd0YFXOdA,Radius 10
HI-S7hZ0r9XcAO14Vlua4g,Delta Marketplace
XdTrPmRcx2NG4btkBclEkA,Roma Pizza and Pasta
Ce5QqdvHSGuShWxew9N5TQ,Music City Flats Apartments
RsdGeTGZHuzq6KY9VPxilw,Lorraine's Boutique
HU-zS5JU4OvojpDpoUe9IQ,Budget
GY816AslnKsOTyXo5rN0Yg,DISH
Zd3ZqEBf-7pA3ymLvxpeMg,Complete Health Partners at Nashville West
gesqJSLiXYWEpPGEG_YGyA,Seva Beauty
MXTV7gLn1GcgBIskfIXwMg,Sedona Taphouse
JWqbjm0wtbbciu_Gb6Eqyw,Mcnamara's Irish Pub and Restaurant
MFX3Gs26jatY--HB0YdFYw,Vui's Kitchen
w7jVSNaeWrFHhUM36rhlSw,Riverside Village Pharmacy
l1LgSU6bOX_mjCKgQr7gkw,Pollo Tropical
owkA1y1vU9Li_RO7Ee8YPg,England's Hair Design
laJ4SjVAGgmUDfw62eFC_w,Abyssinia Ethiopian
J_5RThwo8O-Q0jMlpqZiAQ,Bloom Nashville Salon & Spa
NvESBwYOjqYuvNzOz724ag,Hollywood Disco
W2xKv1hLQaLTWOfXvGsX4g,Sugar Dive
QkHUW81Cwu9WPemHW7oL-A,Ericka's Tailoring
i_-x5VP_XGa8N9H4X2Q6vQ,U S Post Offices
PJFhkLN8Bt6K0nAXESe2bw,Till Five Pizza
MA5J42FinlA7cAWtjjtVZg,Gun City USA
711A9edz8xeJ0LLZAMhZmw,Edmondson Pike Family Practice & Walk-in Clinic
8u7J1_3LxXeQ0fKflFXVsg,Ella Jean's Cafe
jYIZK2KQbST-3x412UbKPw,Pieces Boutique
Q_fvlDrxL4lOeGnDIZOxJA,Guac Mexican Restaurant Donelson
tKRWRAeEI-epyxAixU2vHg,Buffalo Wild Wings
0VP_QYjTMMMiHTm4Fr8yyw,Premier Parking System
aTUEeVhePTsPtzMyIqX0vw,White Trash Cafe
N9oUAm_wQ0zOd_-SYZT-oQ,Nashville Center For Alternative Therapy
R_rkeJAQQOiwDDhpMqNzBg,Bloom Flowers & Gifts
pqQZbS_OLOFLI1x8tie6Hw,Green Hills Kennels
DMYWMY96WF1ueecIpOA4ZA,Red Robin Gourmet Burgers and Brews
oY6o8lxgKxnBjbKW75RJgw,Tennessee Titans
XsCiM_UdJk2KZPMaWHcc-g,US Airways
eIFQYQXu0Rv5A9X95nkUcw,Bellshire Pizza
wGbvFI9JBkLB0H0ir_fhRA,Mason's
63TZaJ-f_3_df_P-oRbwRw,Flight Park
WuXa4cpuMHwKDdEvVdapMw,Darkhorse Theatre
OQn-QFM2pi_aH3JRnHyJmQ,Rodeway Inn
q2P11FI6ww6urIB4Q-Djqw,High Note Liquors
3ts5uQFfNxUaaE591e63kw,Tomato Arts Festival
xAfYuPC9PYlaV87rvlSWXA,Craft Studio
dzuKrvGfUC7wvuXyKtNCeQ,NashVox
OqG-r8_91lZMJ_QxUP5RCA,Holiday Inn Express Nashville Downtown Conf Ctr
JiPyiq65kA25TCK0dtlelQ,Hip Zipper Vintage
_YBgImn_2DXiNzQ3TpgiMw,Tennessee Women's Care
Y7M019cCe0iTKFj1CNu-ww,The Knolls Apartments
lKwEf8AtC9L9nsYFb1rV8Q,David's Tire & Alignment
4gYnn4o8Pnf_8205TObRTQ,Cinco De Mayo Mexican Restaurant East Nashville
yKe6c61BxTY6z7YR6zFFFA,E+ROSE Wellness Bodega at 505
QXWDkZW29q7hUB0maO5EbQ,Chago's Cantina
cHPeulZjtuyuEJHihAYQ7g,Starbucks
r2i_z2raU-gag7GMKkDK9Q,Music City Cleaners
6Z_wgNTh5HJ7NhFghVe2vA,Nashville FlyBoard
Xz97EH7xunUoRX0Vp3iKug,Fiesta Mexicana
vpYzoIP0JKb2i-jEfmnkDA,Midnight Oil
fAAK87tv1KUMjEbuKCOt0g,Bold Patriot Brewing Company
LGVIl6zPF9SNle6Nxp2Khg,Stratton Exteriors
g48DB4oZZU3mD5D1e6l2VA,Off Broadway Shoes
Slas1ClQcnWdubGAPUyA4g,Truman Grey Salon
6Cm0rdDCCJX8DHbWmyFQxg,Griffin Technology
a4-vWXSnhQ3DtCxoRSKUdA,The Rutledge
r9EKBr0KP8aVGXxwbk1qsw,Labcorp
F_K0-xzzEe-nc41OZ43XXA,Benton's Cafe
SAjg7WnKf9lMeBAmszIdTA,Gale Lofts
XnbuS6ieFxsDSH9go88juw,The Donut + Dog
W6WPIjkrt6M2hqpxf9PRIA,Milano's Pizza & Pasta
3gLF0EbGsZAs-uyBlaD-iA,Sweet Wise
6lcp8yPhz7fMTx8Kp4cxdA,Dairy Queen
-24TYSeA5yK8oH7hfJkZ0g,Planet Fitness
d2SZeHA8FWNZC-9cENmzVA,Cheeseburger Charley's
4_IhZZcWHlIoRd681053Eg,Wendy's
NT6psh16WPr7bO3S0kh3PA,East Ivy Mansion
iNNyHLVnhrNqEHvcL4-CdQ,aVenue
0oNK6Yxi_3H8HKOWQil-vQ,Tickled Pink Consignment
aQjrTKbMdZAJ3d6Hm0zUzQ,NEI Air Conditioning and Heating
1EhFRahi4ZUkJVLPkduVgQ,"Melanie Joye, LMT"
IOKI90X9EnjxuOlJRXPGyA,Camp Bow Wow Nashville
M19V_Wgul99b64o_WhEQ6g,ARS / Rescue Rooter Nashville
wueXNaxuNKjr8sq-AyWCog,Nuvo Burrito
yI-yhgK0BiplyyJ2me83nA,Boswell's Grill
AyuNz2WyV4LOTORTdMGuFQ,Hillwood Pub
x25wzC3pR8u57PyZkBYDnQ,Hops & Crafts Taproom
aCa9L-NipZIZlo6wIwlkzw,Diamond Sound Studios
CABg8rCPfmcAfA5fBpafgA,Fitness:1440 - Nashville
W-TAJwlfKb2DQ68m-fwqqw,Tokyo Japanese Steak House
dQw1Z07QfU460_8lqVP6wA,Olia Zavozina
qF2MJesZmQl5-fl4_kndtg,Nashville Neuromuscular Care
Xn5NRxcnoG1DbWnvkEGbFg,SmoQe Signals BBQ
xipdxExzjqukW1HvGHLDVQ,Chateau West
Y5mRODZ73trgPd1C_Aa30w,Village Brewhouse & Marketplace
SxHcct-HAqUR22bVyYq-0Q,3000 Bar
Ui4Kz-qTsPPDykv2cyDSwA,August Moon Restaurant
